0.652 ,0.091 
0.682 ,0.089 
0.712 ,0.067 
0.739 ,0.070 
0.760 ,0.050 
0.774 ,0.047 
0.779 ,0.058 
0.776 ,0.060 
0.766 ,0.052 
0.750 ,0.069 
0.732 ,0.113 
0.685 ,0.073 
0.721 ,0.061 
0.756 ,0.082 
0.788 ,0.056 
0.813 ,0.050 
0.829 ,0.038 
0.833 ,0.051 
0.827 ,0.057 
0.812 ,0.059 
0.791 ,0.080 
0.767 ,0.126 
0.714 ,0.106 
0.756 ,0.070 
0.798 ,0.053 
0.835 ,0.067 
0.864 ,0.040 
0.881 ,0.039 
0.885 ,0.058 
0.875 ,0.071 
0.855 ,0.077 
0.828 ,0.073 
0.798 ,0.098 
0.738 ,0.095 
0.785 ,0.072 
0.832 ,0.063 
0.874 ,0.062 
0.907 ,0.036 
0.926 ,0.045 
0.928 ,0.024 
0.914 ,0.048 
0.889 ,0.044 
0.857 ,0.072 
0.823 ,0.110 
0.753 ,0.058 
0.804 ,0.047 
0.854 ,0.049 
0.900 ,0.064 
0.936 ,0.045 
0.955 ,0.067 
0.956 ,0.039 
0.940 ,0.053 
0.912 ,0.053 
0.876 ,0.056 
0.838 ,0.081 
0.759 ,0.093 
0.810 ,0.070 
0.862 ,0.084 
0.909 ,0.061 
0.945 ,0.048 
0.965 ,0.058 
0.965 ,0.036 
0.948 ,0.045 
0.919 ,0.057 
0.882 ,0.052 
0.843 ,0.075 
0.753 ,0.079 
0.803 ,0.062 
0.853 ,0.078 
0.898 ,0.066 
0.933 ,0.066 
0.952 ,0.057 
0.953 ,0.039 
0.937 ,0.049 
0.909 ,0.035 
0.873 ,0.053 
0.835 ,0.074 
0.738 ,0.090 
0.784 ,0.072 
0.829 ,0.113 
0.870 ,0.080 
0.902 ,0.080 
0.919 ,0.087 
0.921 ,0.065 
0.908 ,0.072 
0.883 ,0.078 
0.852 ,0.088 
0.817 ,0.095 
0.715 ,0.069 
0.755 ,0.080 
0.795 ,0.078 
0.831 ,0.096 
0.858 ,0.072 
0.874 ,0.085 
0.876 ,0.068 
0.866 ,0.087 
0.846 ,0.065 
0.820 ,0.065 
0.791 ,0.071 
0.687 ,0.085 
0.721 ,0.082 
0.754 ,0.097 
0.784 ,0.083 
0.807 ,0.091 
0.821 ,0.095 
0.824 ,0.088 
0.818 ,0.093 
0.803 ,0.077 
0.782 ,0.081 
0.759 ,0.078 
0.655 ,0.120 
0.684 ,0.113 
0.711 ,0.097 
0.736 ,0.099 
0.755 ,0.096 
0.767 ,0.095 
0.771 ,0.078 
0.767 ,0.088 
0.757 ,0.084 
0.741 ,0.067 
0.723 ,0.059 
0.623 ,0.166 
0.647 ,0.129 
0.669 ,0.104 
0.689 ,0.105 
0.704 ,0.098 
0.715 ,0.108 
0.719 ,0.099 
0.718 ,0.104 
0.711 ,0.101 
0.700 ,0.109 
0.687 ,0.073 
0.592 ,0.161 
0.611 ,0.147 
0.628 ,0.112 
0.644 ,0.120 
0.657 ,0.128 
0.666 ,0.122 
0.671 ,0.131 
0.671 ,0.134 
0.667 ,0.133 
0.660 ,0.111 
0.651 ,0.122 
0.599 ,0.067 
0.629 ,0.054 
0.659 ,0.047 
0.687 ,0.061 
0.710 ,0.044 
0.725 ,0.045 
0.731 ,0.056 
0.728 ,0.047 
0.718 ,0.050 
0.702 ,0.055 
0.684 ,0.069 
0.633 ,0.074 
0.670 ,0.066 
0.708 ,0.063 
0.743 ,0.068 
0.772 ,0.061 
0.789 ,0.043 
0.794 ,0.055 
0.786 ,0.050 
0.769 ,0.053 
0.747 ,0.055 
0.721 ,0.079 
0.665 ,0.072 
0.710 ,0.064 
0.756 ,0.045 
0.799 ,0.060 
0.834 ,0.043 
0.854 ,0.041 
0.857 ,0.053 
0.844 ,0.051 
0.819 ,0.054 
0.788 ,0.046 
0.755 ,0.053 
0.692 ,0.074 
0.743 ,0.060 
0.797 ,0.048 
0.849 ,0.053 
0.889 ,0.050 
0.912 ,0.054 
0.913 ,0.045 
0.894 ,0.056 
0.861 ,0.050 
0.823 ,0.046 
0.783 ,0.044 
0.709 ,0.090 
0.765 ,0.068 
0.825 ,0.055 
0.882 ,0.056 
0.928 ,0.050 
0.952 ,0.056 
0.951 ,0.044 
0.927 ,0.053 
0.889 ,0.046 
0.845 ,0.049 
0.801 ,0.050 
0.715 ,0.076 
0.773 ,0.062 
0.834 ,0.065 
0.893 ,0.057 
0.940 ,0.053 
0.965 ,0.056 
0.963 ,0.047 
0.938 ,0.060 
0.898 ,0.065 
0.852 ,0.063 
0.806 ,0.079 
0.709 ,0.079 
0.765 ,0.065 
0.823 ,0.066 
0.879 ,0.060 
0.923 ,0.057 
0.947 ,0.055 
0.945 ,0.049 
0.922 ,0.052 
0.885 ,0.049 
0.841 ,0.064 
0.797 ,0.073 
0.692 ,0.111 
0.742 ,0.085 
0.794 ,0.084 
0.843 ,0.067 
0.882 ,0.063 
0.903 ,0.064 
0.903 ,0.052 
0.885 ,0.060 
0.853 ,0.069 
0.815 ,0.084 
0.777 ,0.081 
0.667 ,0.096 
0.709 ,0.085 
0.753 ,0.069 
0.794 ,0.076 
0.826 ,0.068 
0.844 ,0.061 
0.846 ,0.060 
0.833 ,0.072 
0.809 ,0.063 
0.779 ,0.070 
0.747 ,0.076 
0.637 ,0.107 
0.671 ,0.094 
0.706 ,0.094 
0.739 ,0.086 
0.764 ,0.088 
0.780 ,0.084 
0.783 ,0.079 
0.775 ,0.083 
0.758 ,0.074 
0.736 ,0.081 
0.712 ,0.083 
0.604 ,0.111 
0.631 ,0.103 
0.659 ,0.099 
0.684 ,0.097 
0.704 ,0.090 
0.717 ,0.079 
0.722 ,0.076 
0.718 ,0.077 
0.707 ,0.083 
0.692 ,0.087 
0.674 ,0.108 
0.571 ,0.104 
0.593 ,0.097 
0.614 ,0.096 
0.633 ,0.100 
0.649 ,0.095 
0.660 ,0.102 
0.665 ,0.095 
0.664 ,0.096 
0.658 ,0.100 
0.648 ,0.103 
0.636 ,0.103 
0.540 ,0.104 
0.556 ,0.126 
0.573 ,0.128 
0.588 ,0.134 
0.600 ,0.142 
0.610 ,0.135 
0.615 ,0.135 
0.616 ,0.130 
0.613 ,0.125 
0.607 ,0.109 
0.599 ,0.126 
0.536 ,0.069 
0.563 ,0.049 
0.592 ,0.044 
0.620 ,0.048 
0.644 ,0.034 
0.660 ,0.035 
0.667 ,0.039 
0.665 ,0.039 
0.656 ,0.049 
0.642 ,0.048 
0.626 ,0.061 
0.571 ,0.083 
0.606 ,0.071 
0.644 ,0.053 
0.682 ,0.057 
0.713 ,0.049 
0.733 ,0.037 
0.738 ,0.049 
0.730 ,0.048 
0.712 ,0.056 
0.689 ,0.066 
0.665 ,0.086 
0.605 ,0.071 
0.649 ,0.067 
0.698 ,0.055 
0.747 ,0.057 
0.788 ,0.042 
0.812 ,0.041 
0.815 ,0.047 
0.798 ,0.042 
0.769 ,0.053 
0.735 ,0.057 
0.701 ,0.060 
0.633 ,0.059 
0.687 ,0.057 
0.747 ,0.053 
0.809 ,0.054 
0.861 ,0.057 
0.889 ,0.047 
0.888 ,0.043 
0.861 ,0.049 
0.819 ,0.052 
0.774 ,0.056 
0.731 ,0.080 
0.653 ,0.080 
0.713 ,0.067 
0.782 ,0.055 
0.854 ,0.048 
0.915 ,0.047 
0.946 ,0.042 
0.941 ,0.035 
0.905 ,0.041 
0.854 ,0.040 
0.800 ,0.052 
0.750 ,0.074 
0.660 ,0.072 
0.722 ,0.063 
0.794 ,0.058 
0.869 ,0.054 
0.932 ,0.055 
0.965 ,0.056 
0.958 ,0.052 
0.920 ,0.066 
0.865 ,0.061 
0.808 ,0.065 
0.756 ,0.077 
0.653 ,0.080 
0.712 ,0.063 
0.780 ,0.059 
0.849 ,0.056 
0.907 ,0.052 
0.938 ,0.053 
0.933 ,0.055 
0.898 ,0.056 
0.848 ,0.052 
0.795 ,0.058 
0.746 ,0.059 
0.635 ,0.086 
0.686 ,0.085 
0.744 ,0.076 
0.802 ,0.072 
0.850 ,0.065 
0.876 ,0.058 
0.874 ,0.048 
0.848 ,0.050 
0.809 ,0.053 
0.765 ,0.070 
0.723 ,0.071 
0.608 ,0.081 
0.650 ,0.074 
0.696 ,0.068 
0.741 ,0.069 
0.777 ,0.071 
0.799 ,0.056 
0.800 ,0.058 
0.784 ,0.066 
0.756 ,0.063 
0.724 ,0.076 
0.691 ,0.087 
0.576 ,0.096 
0.609 ,0.081 
0.644 ,0.078 
0.677 ,0.077 
0.704 ,0.075 
0.721 ,0.067 
0.725 ,0.066 
0.716 ,0.065 
0.699 ,0.060 
0.677 ,0.065 
0.653 ,0.070 
0.544 ,0.111 
0.568 ,0.089 
0.593 ,0.087 
0.618 ,0.082 
0.638 ,0.075 
0.651 ,0.075 
0.656 ,0.075 
0.653 ,0.071 
0.644 ,0.072 
0.630 ,0.081 
0.614 ,0.093 
0.512 ,0.105 
0.530 ,0.095 
0.548 ,0.094 
0.566 ,0.096 
0.581 ,0.089 
0.591 ,0.096 
0.597 ,0.092 
0.597 ,0.089 
0.593 ,0.091 
0.586 ,0.083 
0.576 ,0.077 
0.482 ,0.126 
0.495 ,0.117 
0.508 ,0.110 
0.521 ,0.108 
0.532 ,0.117 
0.541 ,0.116 
0.547 ,0.127 
0.549 ,0.122 
0.549 ,0.123 
0.546 ,0.095 
0.541 ,0.089 
0.466 ,0.054 
0.486 ,0.039 
0.509 ,0.043 
0.533 ,0.042 
0.556 ,0.033 
0.573 ,0.030 
0.582 ,0.031 
0.584 ,0.027 
0.579 ,0.035 
0.570 ,0.037 
0.559 ,0.043 
0.499 ,0.076 
0.528 ,0.058 
0.561 ,0.043 
0.597 ,0.051 
0.629 ,0.047 
0.650 ,0.040 
0.658 ,0.045 
0.652 ,0.042 
0.636 ,0.046 
0.617 ,0.047 
0.597 ,0.050 
0.533 ,0.051 
0.571 ,0.048 
0.619 ,0.037 
0.670 ,0.037 
0.716 ,0.033 
0.745 ,0.039 
0.747 ,0.044 
0.728 ,0.041 
0.698 ,0.046 
0.664 ,0.054 
0.633 ,0.060 
0.562 ,0.062 
0.612 ,0.051 
0.675 ,0.049 
0.746 ,0.040 
0.811 ,0.051 
0.848 ,0.041 
0.843 ,0.043 
0.806 ,0.046 
0.756 ,0.046 
0.707 ,0.041 
0.664 ,0.051 
0.582 ,0.078 
0.641 ,0.059 
0.717 ,0.045 
0.807 ,0.038 
0.891 ,0.043 
0.935 ,0.035 
0.921 ,0.035 
0.866 ,0.039 
0.799 ,0.039 
0.736 ,0.046 
0.685 ,0.060 
0.590 ,0.060 
0.652 ,0.053 
0.732 ,0.041 
0.828 ,0.041 
0.918 ,0.047 
0.966 ,0.049 
0.948 ,0.049 
0.886 ,0.061 
0.812 ,0.052 
0.745 ,0.054 
0.690 ,0.054 
0.584 ,0.073 
0.641 ,0.059 
0.714 ,0.054 
0.800 ,0.054 
0.879 ,0.051 
0.921 ,0.050 
0.908 ,0.055 
0.855 ,0.053 
0.790 ,0.047 
0.730 ,0.051 
0.680 ,0.051 
0.565 ,0.102 
0.613 ,0.074 
0.672 ,0.039 
0.737 ,0.043 
0.796 ,0.039 
0.828 ,0.041 
0.824 ,0.043 
0.789 ,0.051 
0.743 ,0.051 
0.696 ,0.050 
0.655 ,0.025 
0.538 ,0.087 
0.574 ,0.069 
0.617 ,0.057 
0.663 ,0.055 
0.703 ,0.064 
0.727 ,0.052 
0.729 ,0.061 
0.711 ,0.069 
0.682 ,0.067 
0.651 ,0.077 
0.622 ,0.071 
0.508 ,0.096 
0.533 ,0.079 
0.563 ,0.071 
0.593 ,0.072 
0.620 ,0.068 
0.638 ,0.060 
0.643 ,0.063 
0.636 ,0.062 
0.621 ,0.060 
0.603 ,0.060 
0.584 ,0.053 
0.477 ,0.102 
0.494 ,0.077 
0.514 ,0.077 
0.534 ,0.071 
0.551 ,0.067 
0.565 ,0.071 
0.571 ,0.071 
0.571 ,0.067 
0.565 ,0.065 
0.556 ,0.070 
0.545 ,0.074 
0.448 ,0.093 
0.459 ,0.091 
0.471 ,0.093 
0.484 ,0.090 
0.496 ,0.085 
0.507 ,0.088 
0.513 ,0.086 
0.516 ,0.082 
0.516 ,0.086 
0.513 ,0.084 
0.509 ,0.088 
0.422 ,0.110 
0.428 ,0.111 
0.436 ,0.116 
0.444 ,0.110 
0.453 ,0.109 
0.460 ,0.102 
0.467 ,0.102 
0.472 ,0.090 
0.475 ,0.088 
0.476 ,0.077 
0.476 ,0.102 
0.395 ,0.040 
0.402 ,0.025 
0.412 ,0.034 
0.427 ,0.034 
0.444 ,0.029 
0.461 ,0.025 
0.474 ,0.024 
0.483 ,0.028 
0.487 ,0.027 
0.487 ,0.027 
0.485 ,0.024 
0.424 ,0.065 
0.438 ,0.048 
0.458 ,0.032 
0.484 ,0.038 
0.511 ,0.039 
0.533 ,0.035 
0.545 ,0.035 
0.546 ,0.039 
0.540 ,0.044 
0.530 ,0.047 
0.520 ,0.055 
0.454 ,0.060 
0.479 ,0.048 
0.513 ,0.033 
0.557 ,0.025 
0.602 ,0.024 
0.633 ,0.029 
0.640 ,0.032 
0.625 ,0.031 
0.600 ,0.033 
0.576 ,0.045 
0.554 ,0.039 
0.482 ,0.046 
0.518 ,0.041 
0.571 ,0.046 
0.643 ,0.041 
0.720 ,0.050 
0.767 ,0.036 
0.759 ,0.038 
0.714 ,0.039 
0.662 ,0.037 
0.618 ,0.030 
0.583 ,0.036 
0.503 ,0.063 
0.549 ,0.049 
0.619 ,0.036 
0.721 ,0.030 
0.840 ,0.036 
0.908 ,0.030 
0.876 ,0.034 
0.792 ,0.038 
0.711 ,0.036 
0.648 ,0.040 
0.603 ,0.041 
0.511 ,0.066 
0.561 ,0.052 
0.638 ,0.039 
0.752 ,0.042 
0.888 ,0.044 
0.966 ,0.045 
0.921 ,0.043 
0.819 ,0.054 
0.726 ,0.041 
0.657 ,0.044 
0.609 ,0.041 
0.506 ,0.072 
0.550 ,0.059 
0.617 ,0.049 
0.712 ,0.047 
0.820 ,0.039 
0.882 ,0.039 
0.853 ,0.048 
0.776 ,0.046 
0.700 ,0.040 
0.641 ,0.045 
0.597 ,0.047 
0.488 ,0.064 
0.522 ,0.056 
0.570 ,0.037 
0.634 ,0.051 
0.699 ,0.044 
0.739 ,0.042 
0.732 ,0.037 
0.692 ,0.040 
0.646 ,0.036 
0.605 ,0.039 
0.573 ,0.035 
0.464 ,0.067 
0.486 ,0.054 
0.516 ,0.054 
0.553 ,0.053 
0.589 ,0.059 
0.614 ,0.047 
0.618 ,0.053 
0.604 ,0.055 
0.582 ,0.054 
0.560 ,0.064 
0.540 ,0.065 
0.437 ,0.080 
0.449 ,0.069 
0.465 ,0.068 
0.485 ,0.068 
0.505 ,0.063 
0.521 ,0.051 
0.529 ,0.051 
0.529 ,0.046 
0.522 ,0.047 
0.514 ,0.051 
0.504 ,0.060 
0.410 ,0.089 
0.415 ,0.067 
0.423 ,0.068 
0.433 ,0.061 
0.444 ,0.056 
0.455 ,0.062 
0.463 ,0.060 
0.469 ,0.060 
0.471 ,0.062 
0.471 ,0.072 
0.469 ,0.078 
0.386 ,0.074 
0.386 ,0.075 
0.388 ,0.082 
0.392 ,0.080 
0.399 ,0.076 
0.406 ,0.074 
0.415 ,0.073 
0.423 ,0.063 
0.429 ,0.067 
0.434 ,0.071 
0.437 ,0.079 
0.365 ,0.109 
0.362 ,0.095 
0.361 ,0.092 
0.362 ,0.086 
0.365 ,0.089 
0.371 ,0.083 
0.378 ,0.092 
0.387 ,0.085 
0.395 ,0.087 
0.403 ,0.081 
0.409 ,0.090 
0.338 ,0.045 
0.327 ,0.030 
0.318 ,0.029 
0.313 ,0.021 
0.317 ,0.016 
0.330 ,0.017 
0.350 ,0.018 
0.371 ,0.024 
0.389 ,0.021 
0.403 ,0.020 
0.414 ,0.029 
0.362 ,0.062 
0.355 ,0.043 
0.350 ,0.036 
0.350 ,0.032 
0.359 ,0.032 
0.377 ,0.024 
0.399 ,0.016 
0.418 ,0.019 
0.430 ,0.028 
0.438 ,0.034 
0.442 ,0.042 
0.388 ,0.042 
0.388 ,0.036 
0.392 ,0.026 
0.405 ,0.013 
0.428 ,0.016 
0.456 ,0.026 
0.476 ,0.030 
0.482 ,0.031 
0.481 ,0.032 
0.476 ,0.040 
0.471 ,0.038 
0.413 ,0.072 
0.422 ,0.047 
0.442 ,0.047 
0.482 ,0.032 
0.543 ,0.035 
0.594 ,0.024 
0.596 ,0.025 
0.566 ,0.022 
0.536 ,0.026 
0.513 ,0.021 
0.496 ,0.032 
0.432 ,0.072 
0.451 ,0.046 
0.488 ,0.032 
0.567 ,0.025 
0.709 ,0.025 
0.822 ,0.019 
0.756 ,0.020 
0.651 ,0.022 
0.582 ,0.025 
0.540 ,0.029 
0.513 ,0.041 
0.441 ,0.060 
0.463 ,0.046 
0.508 ,0.034 
0.606 ,0.031 
0.801 ,0.032 
0.966 ,0.031 
0.835 ,0.031 
0.684 ,0.039 
0.597 ,0.026 
0.547 ,0.031 
0.517 ,0.031 
0.437 ,0.065 
0.455 ,0.058 
0.490 ,0.047 
0.560 ,0.040 
0.677 ,0.031 
0.767 ,0.027 
0.718 ,0.034 
0.631 ,0.031 
0.570 ,0.022 
0.531 ,0.028 
0.507 ,0.036 
0.422 ,0.057 
0.431 ,0.046 
0.448 ,0.026 
0.480 ,0.030 
0.524 ,0.026 
0.561 ,0.024 
0.563 ,0.020 
0.541 ,0.026 
0.517 ,0.025 
0.498 ,0.030 
0.484 ,0.034 
0.401 ,0.073 
0.401 ,0.051 
0.404 ,0.045 
0.411 ,0.042 
0.425 ,0.046 
0.441 ,0.039 
0.455 ,0.044 
0.460 ,0.047 
0.460 ,0.043 
0.458 ,0.049 
0.455 ,0.043 
0.378 ,0.074 
0.372 ,0.059 
0.366 ,0.054 
0.362 ,0.047 
0.363 ,0.049 
0.372 ,0.041 
0.385 ,0.046 
0.399 ,0.041 
0.411 ,0.038 
0.419 ,0.034 
0.424 ,0.030 
0.357 ,0.084 
0.346 ,0.062 
0.336 ,0.058 
0.327 ,0.048 
0.324 ,0.044 
0.329 ,0.050 
0.341 ,0.044 
0.356 ,0.049 
0.371 ,0.052 
0.384 ,0.062 
0.395 ,0.063 
0.338 ,0.069 
0.325 ,0.068 
0.313 ,0.070 
0.303 ,0.068 
0.298 ,0.065 
0.301 ,0.065 
0.310 ,0.066 
0.325 ,0.057 
0.341 ,0.059 
0.356 ,0.060 
0.369 ,0.054 
0.321 ,0.110 
0.308 ,0.087 
0.296 ,0.079 
0.286 ,0.077 
0.281 ,0.077 
0.282 ,0.077 
0.289 ,0.088 
0.302 ,0.081 
0.317 ,0.084 
0.332 ,0.072 
0.346 ,0.067 
0.318 ,0.050 
0.295 ,0.045 
0.267 ,0.040 
0.240 ,0.032 
0.221 ,0.024 
0.224 ,0.024 
0.248 ,0.019 
0.281 ,0.016 
0.313 ,0.018 
0.340 ,0.022 
0.360 ,0.031 
0.340 ,0.042 
0.318 ,0.031 
0.288 ,0.025 
0.255 ,0.020 
0.228 ,0.025 
0.230 ,0.020 
0.263 ,0.014 
0.304 ,0.020 
0.339 ,0.024 
0.365 ,0.038 
0.382 ,0.042 
0.364 ,0.017 
0.346 ,0.027 
0.318 ,0.023 
0.280 ,0.024 
0.243 ,0.025 
0.245 ,0.030 
0.291 ,0.024 
0.340 ,0.027 
0.373 ,0.026 
0.393 ,0.039 
0.405 ,0.051 
0.388 ,0.042 
0.377 ,0.035 
0.357 ,0.040 
0.324 ,0.035 
0.280 ,0.031 
0.283 ,0.018 
0.347 ,0.021 
0.391 ,0.013 
0.412 ,0.014 
0.420 ,0.017 
0.425 ,0.018 
0.407 ,0.038 
0.403 ,0.029 
0.397 ,0.024 
0.387 ,0.025 
0.378 ,0.020 
0.431 ,0.021 
0.457 ,0.015 
0.451 ,0.019 
0.445 ,0.017 
0.441 ,0.024 
0.438 ,0.033 
0.416 ,0.037 
0.415 ,0.033 
0.416 ,0.023 
0.424 ,0.031 
0.491 ,0.038 
0.909 ,0.031 
0.540 ,0.032 
0.475 ,0.039 
0.454 ,0.021 
0.445 ,0.026 
0.440 ,0.023 
0.412 ,0.053 
0.409 ,0.045 
0.403 ,0.039 
0.392 ,0.039 
0.371 ,0.029 
0.378 ,0.019 
0.419 ,0.024 
0.429 ,0.022 
0.431 ,0.017 
0.430 ,0.019 
0.430 ,0.034 
0.398 ,0.044 
0.388 ,0.032 
0.370 ,0.016 
0.338 ,0.021 
0.293 ,0.019 
0.275 ,0.013 
0.320 ,0.017 
0.364 ,0.021 
0.389 ,0.018 
0.403 ,0.023 
0.410 ,0.026 
0.378 ,0.050 
0.361 ,0.042 
0.336 ,0.042 
0.300 ,0.047 
0.260 ,0.044 
0.245 ,0.036 
0.273 ,0.037 
0.315 ,0.038 
0.348 ,0.029 
0.371 ,0.034 
0.385 ,0.037 
0.357 ,0.079 
0.337 ,0.056 
0.309 ,0.048 
0.275 ,0.034 
0.244 ,0.037 
0.232 ,0.026 
0.250 ,0.038 
0.283 ,0.027 
0.315 ,0.031 
0.341 ,0.033 
0.360 ,0.035 
0.338 ,0.070 
0.316 ,0.054 
0.289 ,0.053 
0.260 ,0.047 
0.235 ,0.045 
0.226 ,0.052 
0.237 ,0.047 
0.262 ,0.047 
0.290 ,0.045 
0.316 ,0.036 
0.337 ,0.037 
0.320 ,0.056 
0.298 ,0.056 
0.274 ,0.064 
0.249 ,0.060 
0.230 ,0.056 
0.222 ,0.053 
0.230 ,0.050 
0.248 ,0.037 
0.272 ,0.041 
0.296 ,0.055 
0.317 ,0.058 
0.306 ,0.089 
0.285 ,0.075 
0.263 ,0.074 
0.242 ,0.072 
0.226 ,0.070 
0.220 ,0.069 
0.225 ,0.072 
0.239 ,0.063 
0.259 ,0.065 
0.280 ,0.059 
0.300 ,0.053 
0.350 ,0.027 
0.330 ,0.034 
0.305 ,0.034 
0.278 ,0.038 
0.255 ,0.030 
0.245 ,0.034 
0.254 ,0.031 
0.276 ,0.020 
0.302 ,0.024 
0.325 ,0.026 
0.345 ,0.045 
0.376 ,0.028 
0.359 ,0.020 
0.336 ,0.018 
0.306 ,0.021 
0.276 ,0.028 
0.261 ,0.021 
0.271 ,0.019 
0.297 ,0.022 
0.325 ,0.022 
0.347 ,0.031 
0.364 ,0.032 
0.404 ,0.027 
0.394 ,0.027 
0.376 ,0.026 
0.349 ,0.033 
0.315 ,0.038 
0.292 ,0.035 
0.301 ,0.031 
0.328 ,0.029 
0.353 ,0.020 
0.371 ,0.026 
0.383 ,0.017 
0.432 ,0.055 
0.431 ,0.035 
0.427 ,0.033 
0.417 ,0.029 
0.394 ,0.023 
0.363 ,0.010 
0.359 ,0.019 
0.373 ,0.013 
0.386 ,0.015 
0.395 ,0.017 
0.401 ,0.027 
0.453 ,0.059 
0.461 ,0.034 
0.477 ,0.016 
0.506 ,0.016 
0.563 ,0.020 
0.573 ,0.019 
0.465 ,0.020 
0.423 ,0.024 
0.414 ,0.016 
0.412 ,0.016 
0.412 ,0.022 
0.461 ,0.046 
0.474 ,0.037 
0.498 ,0.022 
0.552 ,0.027 
0.713 ,0.035 
0.903 ,0.017 
0.531 ,0.025 
0.440 ,0.024 
0.420 ,0.008 
0.414 ,0.018 
0.413 ,0.031 
0.456 ,0.067 
0.464 ,0.046 
0.477 ,0.030 
0.498 ,0.022 
0.523 ,0.015 
0.487 ,0.000 
0.416 ,0.015 
0.397 ,0.019 
0.397 ,0.006 
0.400 ,0.018 
0.403 ,0.024 
0.438 ,0.047 
0.436 ,0.032 
0.431 ,0.015 
0.415 ,0.013 
0.379 ,0.020 
0.331 ,0.017 
0.319 ,0.029 
0.339 ,0.026 
0.360 ,0.016 
0.374 ,0.013 
0.384 ,0.028 
0.414 ,0.057 
0.403 ,0.046 
0.384 ,0.033 
0.353 ,0.036 
0.311 ,0.026 
0.275 ,0.023 
0.272 ,0.025 
0.296 ,0.027 
0.323 ,0.017 
0.345 ,0.026 
0.361 ,0.034 
0.388 ,0.038 
0.371 ,0.035 
0.346 ,0.034 
0.313 ,0.014 
0.277 ,0.021 
0.250 ,0.011 
0.248 ,0.030 
0.268 ,0.017 
0.295 ,0.019 
0.319 ,0.024 
0.339 ,0.035 
0.364 ,0.083 
0.344 ,0.051 
0.318 ,0.041 
0.287 ,0.031 
0.257 ,0.024 
0.237 ,0.029 
0.235 ,0.027 
0.251 ,0.038 
0.274 ,0.039 
0.297 ,0.029 
0.318 ,0.044 
0.343 ,0.048 
0.322 ,0.049 
0.297 ,0.055 
0.270 ,0.046 
0.246 ,0.048 
0.230 ,0.047 
0.228 ,0.046 
0.239 ,0.035 
0.258 ,0.037 
0.280 ,0.046 
0.300 ,0.047 
0.325 ,0.076 
0.304 ,0.071 
0.281 ,0.064 
0.258 ,0.065 
0.238 ,0.060 
0.225 ,0.057 
0.223 ,0.055 
0.232 ,0.052 
0.247 ,0.050 
0.266 ,0.050 
0.285 ,0.048 
0.418 ,0.060 
0.411 ,0.045 
0.402 ,0.033 
0.391 ,0.037 
0.378 ,0.029 
0.367 ,0.037 
0.360 ,0.043 
0.359 ,0.031 
0.362 ,0.045 
0.367 ,0.051 
0.373 ,0.047 
0.451 ,0.021 
0.451 ,0.027 
0.450 ,0.018 
0.444 ,0.028 
0.435 ,0.026 
0.422 ,0.026 
0.409 ,0.031 
0.400 ,0.029 
0.395 ,0.026 
0.394 ,0.038 
0.394 ,0.044 
0.486 ,0.040 
0.497 ,0.042 
0.509 ,0.035 
0.519 ,0.037 
0.522 ,0.035 
0.508 ,0.032 
0.482 ,0.031 
0.455 ,0.027 
0.435 ,0.029 
0.423 ,0.021 
0.416 ,0.030 
0.518 ,0.053 
0.542 ,0.038 
0.576 ,0.024 
0.618 ,0.031 
0.654 ,0.025 
0.648 ,0.024 
0.590 ,0.030 
0.525 ,0.031 
0.479 ,0.032 
0.451 ,0.034 
0.435 ,0.036 
0.542 ,0.046 
0.578 ,0.047 
0.634 ,0.027 
0.720 ,0.031 
0.825 ,0.034 
0.846 ,0.021 
0.721 ,0.028 
0.591 ,0.027 
0.513 ,0.019 
0.471 ,0.023 
0.447 ,0.041 
0.551 ,0.043 
0.591 ,0.048 
0.656 ,0.032 
0.762 ,0.038 
0.907 ,0.041 
0.948 ,0.014 
0.776 ,0.019 
0.613 ,0.014 
0.521 ,0.008 
0.474 ,0.012 
0.448 ,0.030 
0.542 ,0.035 
0.576 ,0.031 
0.627 ,0.026 
0.702 ,0.029 
0.784 ,0.019 
0.789 ,0.013 
0.679 ,0.018 
0.566 ,0.013 
0.497 ,0.023 
0.459 ,0.027 
0.438 ,0.042 
0.519 ,0.014 
0.540 ,0.026 
0.568 ,0.023 
0.598 ,0.025 
0.617 ,0.032 
0.599 ,0.019 
0.545 ,0.027 
0.490 ,0.020 
0.452 ,0.015 
0.430 ,0.022 
0.418 ,0.023 
0.489 ,0.028 
0.496 ,0.028 
0.503 ,0.022 
0.505 ,0.038 
0.497 ,0.031 
0.475 ,0.017 
0.445 ,0.021 
0.420 ,0.020 
0.405 ,0.014 
0.397 ,0.013 
0.394 ,0.032 
0.456 ,0.030 
0.453 ,0.023 
0.447 ,0.021 
0.436 ,0.015 
0.418 ,0.016 
0.397 ,0.011 
0.379 ,0.032 
0.368 ,0.017 
0.364 ,0.020 
0.365 ,0.014 
0.368 ,0.024 
0.424 ,0.026 
0.415 ,0.026 
0.402 ,0.033 
0.386 ,0.031 
0.367 ,0.026 
0.348 ,0.025 
0.335 ,0.031 
0.330 ,0.023 
0.332 ,0.030 
0.337 ,0.026 
0.345 ,0.022 
0.397 ,0.051 
0.384 ,0.035 
0.368 ,0.038 
0.350 ,0.028 
0.331 ,0.029 
0.316 ,0.032 
0.306 ,0.026 
0.303 ,0.016 
0.307 ,0.025 
0.315 ,0.027 
0.324 ,0.019 
0.372 ,0.061 
0.358 ,0.059 
0.341 ,0.056 
0.323 ,0.063 
0.306 ,0.058 
0.293 ,0.060 
0.285 ,0.051 
0.284 ,0.050 
0.288 ,0.039 
0.296 ,0.036 
0.307 ,0.031 
0.499 ,0.040 
0.504 ,0.044 
0.508 ,0.048 
0.509 ,0.058 
0.505 ,0.050 
0.495 ,0.051 
0.481 ,0.052 
0.466 ,0.040 
0.451 ,0.050 
0.439 ,0.057 
0.429 ,0.063 
0.537 ,0.039 
0.552 ,0.042 
0.566 ,0.030 
0.576 ,0.046 
0.579 ,0.044 
0.569 ,0.045 
0.548 ,0.043 
0.521 ,0.039 
0.495 ,0.032 
0.473 ,0.044 
0.456 ,0.054 
0.576 ,0.043 
0.603 ,0.041 
0.633 ,0.030 
0.661 ,0.039 
0.676 ,0.041 
0.668 ,0.042 
0.634 ,0.051 
0.589 ,0.044 
0.544 ,0.049 
0.508 ,0.041 
0.481 ,0.031 
0.611 ,0.039 
0.652 ,0.040 
0.702 ,0.024 
0.755 ,0.036 
0.794 ,0.040 
0.791 ,0.039 
0.738 ,0.048 
0.662 ,0.053 
0.593 ,0.045 
0.541 ,0.039 
0.503 ,0.030 
0.636 ,0.024 
0.688 ,0.036 
0.756 ,0.029 
0.837 ,0.038 
0.906 ,0.049 
0.911 ,0.034 
0.833 ,0.045 
0.723 ,0.041 
0.630 ,0.028 
0.563 ,0.022 
0.517 ,0.042 
0.644 ,0.026 
0.700 ,0.041 
0.774 ,0.032 
0.866 ,0.046 
0.947 ,0.052 
0.955 ,0.035 
0.865 ,0.042 
0.741 ,0.035 
0.639 ,0.032 
0.567 ,0.032 
0.519 ,0.043 
0.634 ,0.031 
0.684 ,0.026 
0.748 ,0.020 
0.822 ,0.038 
0.881 ,0.033 
0.881 ,0.032 
0.806 ,0.044 
0.704 ,0.039 
0.616 ,0.045 
0.552 ,0.044 
0.508 ,0.045 
0.609 ,0.031 
0.646 ,0.030 
0.689 ,0.026 
0.734 ,0.036 
0.762 ,0.042 
0.752 ,0.036 
0.701 ,0.050 
0.632 ,0.041 
0.570 ,0.034 
0.521 ,0.035 
0.487 ,0.035 
0.574 ,0.042 
0.597 ,0.039 
0.621 ,0.025 
0.640 ,0.034 
0.647 ,0.036 
0.633 ,0.010 
0.599 ,0.028 
0.556 ,0.026 
0.516 ,0.027 
0.484 ,0.023 
0.460 ,0.035 
0.536 ,0.026 
0.547 ,0.023 
0.556 ,0.023 
0.560 ,0.032 
0.555 ,0.028 
0.540 ,0.027 
0.517 ,0.031 
0.490 ,0.026 
0.465 ,0.026 
0.445 ,0.014 
0.431 ,0.025 
0.499 ,0.045 
0.501 ,0.025 
0.500 ,0.032 
0.496 ,0.033 
0.486 ,0.025 
0.471 ,0.030 
0.454 ,0.040 
0.437 ,0.029 
0.422 ,0.033 
0.410 ,0.023 
0.402 ,0.047 
0.464 ,0.063 
0.461 ,0.032 
0.455 ,0.033 
0.446 ,0.022 
0.434 ,0.017 
0.420 ,0.035 
0.407 ,0.020 
0.395 ,0.020 
0.386 ,0.037 
0.380 ,0.019 
0.377 ,0.019 
0.434 ,0.060 
0.427 ,0.051 
0.418 ,0.045 
0.407 ,0.045 
0.394 ,0.040 
0.382 ,0.048 
0.371 ,0.032 
0.363 ,0.041 
0.357 ,0.036 
0.355 ,0.033 
0.354 ,0.056 
0.576 ,0.078 
0.590 ,0.052 
0.601 ,0.054 
0.609 ,0.058 
0.609 ,0.057 
0.601 ,0.058 
0.585 ,0.067 
0.563 ,0.064 
0.539 ,0.069 
0.516 ,0.068 
0.496 ,0.060 
0.617 ,0.070 
0.640 ,0.047 
0.662 ,0.038 
0.678 ,0.048 
0.685 ,0.054 
0.677 ,0.066 
0.654 ,0.067 
0.623 ,0.065 
0.587 ,0.058 
0.554 ,0.046 
0.525 ,0.038 
0.657 ,0.069 
0.691 ,0.058 
0.726 ,0.054 
0.756 ,0.061 
0.772 ,0.056 
0.765 ,0.057 
0.735 ,0.066 
0.689 ,0.054 
0.638 ,0.059 
0.592 ,0.039 
0.553 ,0.032 
0.692 ,0.082 
0.738 ,0.060 
0.788 ,0.042 
0.834 ,0.041 
0.864 ,0.056 
0.859 ,0.057 
0.817 ,0.068 
0.753 ,0.076 
0.685 ,0.067 
0.625 ,0.060 
0.577 ,0.055 
0.715 ,0.057 
0.770 ,0.060 
0.832 ,0.057 
0.894 ,0.057 
0.936 ,0.068 
0.934 ,0.049 
0.882 ,0.059 
0.801 ,0.060 
0.718 ,0.052 
0.647 ,0.038 
0.591 ,0.059 
0.723 ,0.063 
0.780 ,0.055 
0.846 ,0.050 
0.913 ,0.065 
0.959 ,0.065 
0.957 ,0.056 
0.901 ,0.059 
0.814 ,0.055 
0.726 ,0.051 
0.652 ,0.041 
0.594 ,0.039 
0.713 ,0.045 
0.765 ,0.028 
0.824 ,0.036 
0.882 ,0.052 
0.920 ,0.050 
0.916 ,0.053 
0.865 ,0.070 
0.787 ,0.061 
0.707 ,0.060 
0.638 ,0.045 
0.584 ,0.025 
0.688 ,0.064 
0.730 ,0.051 
0.775 ,0.056 
0.816 ,0.063 
0.839 ,0.059 
0.831 ,0.055 
0.790 ,0.063 
0.729 ,0.053 
0.665 ,0.044 
0.608 ,0.034 
0.562 ,0.028 
0.652 ,0.067 
0.682 ,0.053 
0.712 ,0.048 
0.736 ,0.045 
0.746 ,0.047 
0.736 ,0.035 
0.705 ,0.043 
0.661 ,0.045 
0.613 ,0.054 
0.570 ,0.051 
0.534 ,0.047 
0.612 ,0.035 
0.631 ,0.022 
0.648 ,0.034 
0.659 ,0.042 
0.661 ,0.037 
0.649 ,0.047 
0.625 ,0.040 
0.594 ,0.041 
0.560 ,0.042 
0.529 ,0.028 
0.502 ,0.039 
0.572 ,0.051 
0.582 ,0.029 
0.589 ,0.041 
0.592 ,0.035 
0.588 ,0.025 
0.576 ,0.040 
0.558 ,0.045 
0.535 ,0.040 
0.512 ,0.035 
0.490 ,0.027 
0.471 ,0.034 
0.534 ,0.031 
0.537 ,0.021 
0.538 ,0.040 
0.536 ,0.019 
0.529 ,0.018 
0.517 ,0.034 
0.502 ,0.015 
0.486 ,0.023 
0.469 ,0.044 
0.454 ,0.044 
0.441 ,0.073 
0.499 ,0.047 
0.498 ,0.038 
0.495 ,0.033 
0.489 ,0.027 
0.481 ,0.025 
0.470 ,0.031 
0.458 ,0.015 
0.445 ,0.038 
0.433 ,0.027 
0.422 ,0.029 
0.414 ,0.057 
0.644 ,0.100 
0.662 ,0.070 
0.677 ,0.073 
0.687 ,0.077 
0.689 ,0.075 
0.682 ,0.073 
0.665 ,0.087 
0.642 ,0.091 
0.615 ,0.081 
0.587 ,0.077 
0.560 ,0.060 
0.685 ,0.065 
0.711 ,0.044 
0.734 ,0.050 
0.751 ,0.057 
0.758 ,0.066 
0.751 ,0.081 
0.730 ,0.082 
0.699 ,0.075 
0.663 ,0.074 
0.625 ,0.059 
0.591 ,0.048 
0.724 ,0.077 
0.758 ,0.074 
0.792 ,0.075 
0.819 ,0.086 
0.831 ,0.070 
0.825 ,0.070 
0.799 ,0.084 
0.758 ,0.069 
0.710 ,0.082 
0.662 ,0.071 
0.619 ,0.074 
0.756 ,0.063 
0.799 ,0.067 
0.843 ,0.083 
0.880 ,0.087 
0.900 ,0.095 
0.894 ,0.094 
0.862 ,0.098 
0.811 ,0.096 
0.751 ,0.082 
0.694 ,0.077 
0.642 ,0.079 
0.777 ,0.044 
0.827 ,0.056 
0.878 ,0.069 
0.923 ,0.077 
0.949 ,0.083 
0.944 ,0.075 
0.907 ,0.081 
0.847 ,0.082 
0.779 ,0.079 
0.713 ,0.055 
0.657 ,0.070 
0.783 ,0.070 
0.835 ,0.067 
0.889 ,0.073 
0.936 ,0.088 
0.963 ,0.078 
0.959 ,0.080 
0.920 ,0.082 
0.857 ,0.081 
0.785 ,0.080 
0.718 ,0.073 
0.659 ,0.076 
0.774 ,0.050 
0.822 ,0.043 
0.872 ,0.076 
0.914 ,0.087 
0.938 ,0.084 
0.932 ,0.083 
0.895 ,0.098 
0.836 ,0.084 
0.769 ,0.077 
0.706 ,0.059 
0.650 ,0.046 
0.751 ,0.077 
0.791 ,0.044 
0.832 ,0.063 
0.865 ,0.075 
0.882 ,0.066 
0.874 ,0.071 
0.842 ,0.080 
0.792 ,0.073 
0.735 ,0.063 
0.679 ,0.037 
0.630 ,0.038 
0.717 ,0.049 
0.749 ,0.043 
0.778 ,0.063 
0.801 ,0.065 
0.810 ,0.058 
0.801 ,0.058 
0.774 ,0.061 
0.734 ,0.067 
0.688 ,0.072 
0.643 ,0.066 
0.602 ,0.057 
0.678 ,0.026 
0.701 ,0.023 
0.720 ,0.054 
0.733 ,0.058 
0.736 ,0.059 
0.727 ,0.075 
0.705 ,0.054 
0.674 ,0.059 
0.638 ,0.064 
0.603 ,0.045 
0.570 ,0.063 
0.638 ,0.070 
0.652 ,0.053 
0.663 ,0.059 
0.669 ,0.052 
0.668 ,0.042 
0.658 ,0.061 
0.640 ,0.055 
0.616 ,0.057 
0.590 ,0.053 
0.562 ,0.050 
0.537 ,0.052 
0.598 ,0.051 
0.606 ,0.037 
0.611 ,0.039 
0.613 ,0.021 
0.608 ,0.036 
0.599 ,0.042 
0.584 ,0.034 
0.565 ,0.043 
0.545 ,0.046 
0.524 ,0.049 
0.505 ,0.041 
0.561 ,0.076 
0.564 ,0.047 
0.565 ,0.032 
0.563 ,0.019 
0.557 ,0.033 
0.548 ,0.021 
0.535 ,0.016 
0.521 ,0.028 
0.505 ,0.027 
0.489 ,0.042 
0.475 ,0.073 
0.701 ,0.115 
0.720 ,0.099 
0.736 ,0.109 
0.746 ,0.108 
0.749 ,0.112 
0.742 ,0.104 
0.727 ,0.106 
0.704 ,0.133 
0.676 ,0.100 
0.647 ,0.097 
0.617 ,0.105 
0.740 ,0.113 
0.765 ,0.052 
0.788 ,0.082 
0.803 ,0.076 
0.809 ,0.094 
0.803 ,0.114 
0.784 ,0.114 
0.755 ,0.120 
0.721 ,0.134 
0.684 ,0.128 
0.648 ,0.133 
0.775 ,0.077 
0.808 ,0.076 
0.837 ,0.089 
0.859 ,0.113 
0.869 ,0.095 
0.862 ,0.096 
0.840 ,0.108 
0.805 ,0.091 
0.763 ,0.101 
0.718 ,0.083 
0.675 ,0.080 
0.804 ,0.066 
0.843 ,0.084 
0.879 ,0.117 
0.907 ,0.120 
0.921 ,0.120 
0.915 ,0.125 
0.889 ,0.123 
0.848 ,0.113 
0.798 ,0.097 
0.746 ,0.087 
0.697 ,0.100 
0.822 ,0.091 
0.865 ,0.082 
0.906 ,0.108 
0.939 ,0.111 
0.955 ,0.107 
0.950 ,0.113 
0.921 ,0.104 
0.875 ,0.110 
0.820 ,0.114 
0.763 ,0.075 
0.710 ,0.113 
0.828 ,0.057 
0.872 ,0.061 
0.914 ,0.103 
0.948 ,0.129 
0.965 ,0.109 
0.960 ,0.124 
0.930 ,0.120 
0.882 ,0.114 
0.825 ,0.109 
0.767 ,0.092 
0.712 ,0.100 
0.820 ,0.052 
0.861 ,0.056 
0.901 ,0.101 
0.932 ,0.107 
0.947 ,0.108 
0.941 ,0.103 
0.913 ,0.124 
0.867 ,0.114 
0.813 ,0.103 
0.756 ,0.084 
0.704 ,0.079 
0.799 ,0.089 
0.836 ,0.041 
0.869 ,0.091 
0.895 ,0.115 
0.906 ,0.096 
0.899 ,0.107 
0.873 ,0.106 
0.833 ,0.097 
0.784 ,0.084 
0.733 ,0.067 
0.686 ,0.095 
0.768 ,0.037 
0.798 ,0.037 
0.825 ,0.084 
0.844 ,0.098 
0.851 ,0.075 
0.843 ,0.100 
0.820 ,0.091 
0.786 ,0.105 
0.744 ,0.105 
0.701 ,0.099 
0.660 ,0.100 
0.732 ,0.062 
0.755 ,0.051 
0.774 ,0.086 
0.787 ,0.073 
0.790 ,0.085 
0.781 ,0.114 
0.762 ,0.084 
0.733 ,0.092 
0.699 ,0.104 
0.664 ,0.070 
0.629 ,0.099 
0.693 ,0.078 
0.710 ,0.070 
0.722 ,0.071 
0.729 ,0.073 
0.729 ,0.067 
0.721 ,0.093 
0.704 ,0.069 
0.681 ,0.086 
0.654 ,0.085 
0.625 ,0.070 
0.596 ,0.067 
0.654 ,0.067 
0.665 ,0.072 
0.672 ,0.057 
0.675 ,0.037 
0.673 ,0.064 
0.664 ,0.061 
0.650 ,0.061 
0.631 ,0.074 
0.609 ,0.062 
0.586 ,0.085 
0.564 ,0.050 
0.617 ,0.063 
0.623 ,0.070 
0.626 ,0.058 
0.626 ,0.042 
0.622 ,0.026 
0.614 ,0.033 
0.602 ,0.030 
0.586 ,0.070 
0.569 ,0.048 
0.550 ,0.048 
0.532 ,0.039 
0.748 ,0.174 
0.766 ,0.163 
0.781 ,0.149 
0.791 ,0.143 
0.793 ,0.147 
0.787 ,0.132 
0.772 ,0.132 
0.751 ,0.186 
0.725 ,0.120 
0.696 ,0.119 
0.666 ,0.122 
0.783 ,0.136 
0.807 ,0.088 
0.827 ,0.146 
0.840 ,0.108 
0.844 ,0.136 
0.838 ,0.140 
0.822 ,0.127 
0.796 ,0.116 
0.765 ,0.121 
0.730 ,0.110 
0.695 ,0.119 
0.815 ,0.125 
0.844 ,0.102 
0.869 ,0.107 
0.886 ,0.141 
0.893 ,0.119 
0.887 ,0.122 
0.868 ,0.135 
0.838 ,0.126 
0.801 ,0.140 
0.761 ,0.118 
0.721 ,0.122 
0.840 ,0.092 
0.873 ,0.096 
0.903 ,0.165 
0.924 ,0.177 
0.933 ,0.169 
0.927 ,0.183 
0.906 ,0.178 
0.872 ,0.161 
0.831 ,0.132 
0.785 ,0.111 
0.740 ,0.108 
0.856 ,0.093 
0.892 ,0.070 
0.924 ,0.127 
0.948 ,0.141 
0.959 ,0.128 
0.953 ,0.164 
0.931 ,0.138 
0.894 ,0.162 
0.849 ,0.175 
0.800 ,0.120 
0.752 ,0.172 
0.860 ,0.077 
0.897 ,0.070 
0.931 ,0.156 
0.955 ,0.180 
0.966 ,0.146 
0.960 ,0.166 
0.937 ,0.147 
0.899 ,0.139 
0.853 ,0.140 
0.803 ,0.119 
0.754 ,0.149 
0.853 ,0.035 
0.889 ,0.076 
0.920 ,0.167 
0.943 ,0.164 
0.953 ,0.170 
0.947 ,0.150 
0.924 ,0.162 
0.888 ,0.147 
0.843 ,0.130 
0.794 ,0.093 
0.747 ,0.095 
0.835 ,0.116 
0.867 ,0.053 
0.895 ,0.128 
0.914 ,0.157 
0.922 ,0.130 
0.915 ,0.140 
0.894 ,0.123 
0.860 ,0.126 
0.819 ,0.104 
0.775 ,0.090 
0.731 ,0.150 
0.808 ,0.066 
0.835 ,0.063 
0.858 ,0.125 
0.873 ,0.145 
0.878 ,0.102 
0.871 ,0.152 
0.852 ,0.123 
0.822 ,0.159 
0.786 ,0.141 
0.746 ,0.120 
0.707 ,0.119 
0.775 ,0.094 
0.797 ,0.076 
0.814 ,0.129 
0.825 ,0.087 
0.828 ,0.110 
0.820 ,0.149 
0.803 ,0.108 
0.778 ,0.115 
0.747 ,0.139 
0.713 ,0.101 
0.679 ,0.159 
0.739 ,0.106 
0.756 ,0.118 
0.768 ,0.109 
0.775 ,0.100 
0.775 ,0.087 
0.768 ,0.119 
0.752 ,0.078 
0.731 ,0.118 
0.705 ,0.136 
0.676 ,0.104 
0.647 ,0.078 
0.702 ,0.112 
0.714 ,0.114 
0.722 ,0.072 
0.726 ,0.062 
0.724 ,0.088 
0.716 ,0.074 
0.703 ,0.082 
0.685 ,0.100 
0.663 ,0.081 
0.640 ,0.140 
0.615 ,0.083 
0.665 ,0.134 
0.673 ,0.109 
0.678 ,0.068 
0.679 ,0.065 
0.676 ,0.060 
0.669 ,0.054 
0.657 ,0.051 
0.641 ,0.076 
0.623 ,0.082 
0.604 ,0.070 
0.584 ,0.047 
