94.013 ,0.682 
89.261 ,0.717 
85.419 ,0.744 
82.616 ,0.741 
80.959 ,0.767 
80.520 ,0.777 
81.317 ,0.797 
83.315 ,0.765 
86.432 ,0.727 
90.551 ,0.739 
95.543 ,0.674 
89.228 ,0.687 
84.206 ,0.756 
80.123 ,0.781 
77.127 ,0.783 
75.350 ,0.796 
74.877 ,0.810 
75.734 ,0.795 
77.876 ,0.786 
81.201 ,0.757 
85.573 ,0.710 
90.839 ,0.689 
85.352 ,0.608 
80.087 ,0.690 
75.782 ,0.717 
72.607 ,0.729 
70.716 ,0.760 
70.213 ,0.758 
71.125 ,0.739 
73.402 ,0.725 
76.921 ,0.693 
81.523 ,0.652 
87.034 ,0.589 
82.512 ,0.536 
77.053 ,0.624 
72.568 ,0.663 
69.246 ,0.669 
67.261 ,0.691 
66.731 ,0.699 
67.691 ,0.678 
70.079 ,0.691 
73.757 ,0.632 
78.544 ,0.602 
84.251 ,0.524 
80.817 ,0.492 
75.236 ,0.570 
70.635 ,0.616 
67.218 ,0.625 
65.171 ,0.639 
64.624 ,0.649 
65.614 ,0.640 
68.075 ,0.622 
71.856 ,0.562 
76.762 ,0.526 
82.592 ,0.451 
80.341 ,0.392 
74.724 ,0.489 
70.090 ,0.538 
66.645 ,0.569 
64.579 ,0.607 
64.027 ,0.628 
65.027 ,0.587 
67.509 ,0.591 
71.320 ,0.528 
76.260 ,0.479 
82.126 ,0.399 
81.105 ,0.364 
75.544 ,0.435 
70.964 ,0.502 
67.563 ,0.523 
65.527 ,0.563 
64.983 ,0.593 
65.968 ,0.554 
68.416 ,0.549 
72.179 ,0.486 
77.064 ,0.421 
82.873 ,0.316 
83.074 ,0.316 
77.654 ,0.374 
73.206 ,0.419 
69.915 ,0.460 
67.949 ,0.489 
67.425 ,0.490 
68.375 ,0.481 
70.740 ,0.470 
74.385 ,0.412 
79.134 ,0.338 
84.801 ,0.261 
86.166 ,0.229 
80.954 ,0.307 
76.697 ,0.360 
73.562 ,0.382 
71.697 ,0.405 
71.200 ,0.403 
72.100 ,0.396 
74.347 ,0.390 
77.823 ,0.338 
82.374 ,0.290 
87.833 ,0.200 
90.265 ,0.157 
85.304 ,0.248 
81.276 ,0.297 
78.325 ,0.309 
76.575 ,0.328 
76.110 ,0.342 
76.953 ,0.326 
79.062 ,0.311 
82.339 ,0.269 
86.653 ,0.196 
91.858 ,0.080 
95.242 ,0.063 
90.554 ,0.141 
86.770 ,0.190 
84.012 ,0.212 
82.384 ,0.234 
81.952 ,0.229 
82.735 ,0.241 
84.700 ,0.218 
87.767 ,0.189 
91.827 ,0.096 
96.753 ,-0.019 
100.967 ,-0.106 
96.558 ,0.005 
93.018 ,0.052 
90.451 ,0.089 
88.940 ,0.108 
88.540 ,0.118 
89.266 ,0.108 
91.090 ,0.077 
93.949 ,0.052 
97.752 ,-0.025 
102.394 ,-0.139 
107.321 ,-0.300 
103.183 ,-0.154 
99.878 ,-0.107 
97.492 ,-0.082 
96.092 ,-0.052 
95.722 ,-0.059 
96.394 ,-0.070 
98.085 ,-0.085 
100.746 ,-0.127 
104.301 ,-0.191 
108.664 ,-0.252 
87.513 ,0.570 
82.387 ,0.613 
78.208 ,0.638 
75.137 ,0.651 
73.311 ,0.672 
72.825 ,0.679 
73.706 ,0.684 
75.905 ,0.665 
79.313 ,0.638 
83.783 ,0.630 
89.155 ,0.578 
82.352 ,0.539 
76.882 ,0.610 
72.386 ,0.648 
69.056 ,0.670 
67.065 ,0.683 
66.533 ,0.701 
67.496 ,0.682 
69.891 ,0.674 
73.578 ,0.653 
78.376 ,0.607 
84.094 ,0.582 
78.135 ,0.470 
72.346 ,0.544 
67.550 ,0.583 
63.968 ,0.609 
61.813 ,0.644 
61.236 ,0.653 
62.281 ,0.643 
64.868 ,0.629 
68.826 ,0.595 
73.932 ,0.562 
79.969 ,0.494 
75.022 ,0.412 
68.973 ,0.494 
63.923 ,0.534 
60.126 ,0.564 
57.828 ,0.586 
57.211 ,0.593 
58.327 ,0.586 
61.083 ,0.580 
65.270 ,0.539 
70.634 ,0.495 
76.930 ,0.425 
73.154 ,0.362 
66.936 ,0.434 
61.720 ,0.482 
57.778 ,0.511 
55.383 ,0.542 
54.738 ,0.553 
55.904 ,0.556 
58.773 ,0.537 
63.114 ,0.486 
68.647 ,0.425 
75.110 ,0.338 
72.628 ,0.285 
66.360 ,0.368 
61.095 ,0.414 
57.110 ,0.450 
54.686 ,0.483 
54.032 ,0.499 
55.213 ,0.484 
58.117 ,0.483 
62.503 ,0.430 
68.086 ,0.376 
74.597 ,0.292 
73.471 ,0.240 
67.283 ,0.315 
62.096 ,0.366 
58.180 ,0.397 
55.802 ,0.433 
55.161 ,0.455 
56.319 ,0.436 
59.168 ,0.425 
63.482 ,0.381 
68.985 ,0.324 
75.419 ,0.229 
75.639 ,0.170 
69.644 ,0.241 
64.647 ,0.298 
60.895 ,0.338 
58.627 ,0.365 
58.018 ,0.371 
59.120 ,0.363 
61.840 ,0.353 
65.979 ,0.303 
71.290 ,0.244 
77.533 ,0.170 
79.023 ,0.088 
73.305 ,0.170 
68.575 ,0.224 
65.050 ,0.255 
62.932 ,0.283 
62.366 ,0.285 
63.391 ,0.279 
65.936 ,0.270 
69.832 ,0.230 
74.871 ,0.181 
80.837 ,0.110 
83.474 ,0.000 
78.083 ,0.086 
73.660 ,0.147 
70.391 ,0.173 
68.438 ,0.199 
67.918 ,0.210 
68.861 ,0.192 
71.210 ,0.178 
74.832 ,0.144 
79.554 ,0.088 
85.194 ,0.014 
88.832 ,-0.084 
83.787 ,-0.011 
79.682 ,0.052 
76.669 ,0.079 
74.881 ,0.098 
74.405 ,0.094 
75.267 ,0.084 
77.422 ,0.062 
80.766 ,0.028 
85.160 ,-0.030 
90.450 ,-0.102 
94.945 ,-0.222 
90.241 ,-0.139 
86.444 ,-0.090 
83.675 ,-0.056 
82.039 ,-0.041 
81.606 ,-0.033 
82.392 ,-0.039 
84.365 ,-0.070 
87.444 ,-0.097 
91.518 ,-0.157 
96.460 ,-0.229 
101.675 ,-0.366 
97.297 ,-0.283 
93.786 ,-0.243 
91.240 ,-0.220 
89.743 ,-0.199 
89.346 ,-0.200 
90.066 ,-0.207 
91.874 ,-0.220 
94.709 ,-0.255 
98.483 ,-0.304 
103.092 ,-0.356 
81.723 ,0.487 
76.208 ,0.529 
71.670 ,0.550 
68.305 ,0.570 
66.292 ,0.591 
65.754 ,0.591 
66.728 ,0.587 
69.149 ,0.583 
72.874 ,0.560 
77.715 ,0.547 
83.479 ,0.510 
76.170 ,0.455 
70.220 ,0.509 
65.267 ,0.542 
61.553 ,0.564 
59.311 ,0.574 
58.709 ,0.588 
59.798 ,0.569 
62.488 ,0.570 
66.587 ,0.557 
71.853 ,0.529 
78.051 ,0.517 
71.590 ,0.396 
65.223 ,0.447 
59.859 ,0.482 
55.785 ,0.504 
53.301 ,0.533 
52.630 ,0.540 
53.842 ,0.535 
56.815 ,0.529 
61.295 ,0.500 
66.978 ,0.488 
73.588 ,0.440 
68.179 ,0.325 
61.460 ,0.401 
55.734 ,0.440 
51.334 ,0.473 
48.622 ,0.491 
47.886 ,0.490 
49.215 ,0.488 
52.452 ,0.476 
57.273 ,0.456 
63.319 ,0.427 
70.274 ,0.396 
66.118 ,0.273 
59.165 ,0.342 
53.193 ,0.388 
48.563 ,0.416 
45.687 ,0.442 
44.903 ,0.439 
46.317 ,0.440 
49.743 ,0.426 
54.804 ,0.397 
61.095 ,0.360 
68.276 ,0.325 
65.535 ,0.204 
58.513 ,0.281 
52.466 ,0.325 
47.766 ,0.353 
44.839 ,0.372 
44.040 ,0.374 
45.481 ,0.367 
48.965 ,0.361 
54.099 ,0.326 
60.463 ,0.294 
67.712 ,0.247 
66.469 ,0.147 
59.557 ,0.218 
53.628 ,0.258 
49.040 ,0.288 
46.194 ,0.314 
45.418 ,0.324 
46.817 ,0.315 
50.209 ,0.300 
55.227 ,0.273 
61.474 ,0.234 
68.616 ,0.169 
68.858 ,0.084 
62.212 ,0.137 
56.562 ,0.189 
52.233 ,0.219 
49.570 ,0.240 
48.849 ,0.249 
50.152 ,0.246 
53.331 ,0.238 
58.080 ,0.201 
64.050 ,0.157 
70.933 ,0.090 
72.558 ,-0.006 
66.285 ,0.061 
61.013 ,0.110 
57.023 ,0.141 
54.595 ,0.166 
53.940 ,0.170 
55.123 ,0.166 
58.031 ,0.153 
62.423 ,0.123 
68.012 ,0.075 
74.530 ,0.016 
77.382 ,-0.081 
71.533 ,-0.030 
66.678 ,0.022 
63.047 ,0.049 
60.860 ,0.076 
60.274 ,0.090 
61.334 ,0.080 
63.960 ,0.067 
67.970 ,0.038 
73.137 ,-0.014 
79.234 ,-0.082 
83.134 ,-0.162 
77.719 ,-0.138 
73.275 ,-0.090 
69.988 ,-0.062 
68.024 ,-0.038 
67.500 ,-0.026 
68.449 ,-0.028 
70.811 ,-0.041 
74.453 ,-0.073 
79.198 ,-0.123 
84.861 ,-0.199 
89.636 ,-0.291 
84.638 ,-0.244 
80.576 ,-0.208 
77.599 ,-0.182 
75.832 ,-0.171 
75.363 ,-0.162 
76.214 ,-0.159 
78.343 ,-0.186 
81.649 ,-0.205 
85.998 ,-0.250 
91.239 ,-0.287 
96.736 ,-0.428 
92.124 ,-0.379 
88.407 ,-0.345 
85.702 ,-0.327 
84.106 ,-0.307 
83.683 ,-0.306 
84.450 ,-0.310 
86.376 ,-0.320 
89.386 ,-0.344 
93.375 ,-0.380 
98.224 ,-0.410 
76.803 ,0.436 
70.907 ,0.463 
66.006 ,0.473 
62.336 ,0.494 
60.123 ,0.515 
59.529 ,0.517 
60.603 ,0.515 
63.259 ,0.520 
67.311 ,0.510 
72.524 ,0.496 
78.669 ,0.472 
70.866 ,0.391 
64.428 ,0.422 
58.991 ,0.447 
54.854 ,0.475 
52.325 ,0.486 
51.642 ,0.508 
52.876 ,0.499 
55.901 ,0.499 
60.448 ,0.489 
66.204 ,0.456 
72.884 ,0.426 
65.918 ,0.312 
58.942 ,0.351 
52.945 ,0.387 
48.292 ,0.415 
45.399 ,0.439 
44.610 ,0.451 
46.033 ,0.453 
49.478 ,0.447 
54.563 ,0.425 
60.879 ,0.414 
68.083 ,0.373 
62.197 ,0.258 
54.749 ,0.306 
48.232 ,0.335 
43.073 ,0.372 
39.802 ,0.391 
38.900 ,0.398 
40.524 ,0.406 
44.399 ,0.391 
50.003 ,0.382 
56.828 ,0.345 
64.486 ,0.311 
59.931 ,0.221 
52.160 ,0.254 
45.272 ,0.280 
39.730 ,0.312 
36.158 ,0.341 
35.161 ,0.349 
36.951 ,0.362 
41.164 ,0.355 
47.155 ,0.337 
54.338 ,0.292 
62.303 ,0.245 
59.287 ,0.139 
51.419 ,0.189 
44.417 ,0.221 
38.752 ,0.250 
35.080 ,0.267 
34.052 ,0.273 
35.897 ,0.281 
40.220 ,0.275 
46.334 ,0.251 
53.627 ,0.219 
61.684 ,0.172 
60.318 ,0.058 
52.604 ,0.121 
45.783 ,0.154 
40.312 ,0.188 
36.796 ,0.211 
35.817 ,0.221 
37.575 ,0.222 
41.725 ,0.207 
47.645 ,0.190 
54.765 ,0.156 
62.676 ,0.105 
62.940 ,-0.002 
55.592 ,0.045 
49.188 ,0.095 
44.140 ,0.122 
40.955 ,0.142 
40.078 ,0.156 
41.657 ,0.154 
45.435 ,0.148 
50.926 ,0.118 
57.641 ,0.082 
65.204 ,0.024 
66.969 ,-0.079 
60.115 ,-0.031 
54.247 ,0.009 
49.716 ,0.038 
46.911 ,0.064 
46.148 ,0.075 
47.525 ,0.074 
50.869 ,0.067 
55.828 ,0.045 
62.014 ,0.002 
69.100 ,-0.050 
72.167 ,-0.170 
65.856 ,-0.126 
60.548 ,-0.077 
56.525 ,-0.052 
54.074 ,-0.029 
53.414 ,-0.018 
54.608 ,-0.028 
57.542 ,-0.036 
61.968 ,-0.057 
67.595 ,-0.089 
74.149 ,-0.126 
78.303 ,-0.243 
72.528 ,-0.224 
67.745 ,-0.178 
64.174 ,-0.153 
62.027 ,-0.138 
61.452 ,-0.131 
62.493 ,-0.141 
65.072 ,-0.149 
69.017 ,-0.174 
74.111 ,-0.190 
80.134 ,-0.219 
85.174 ,-0.353 
79.898 ,-0.321 
75.582 ,-0.288 
72.399 ,-0.266 
70.503 ,-0.258 
69.998 ,-0.253 
70.913 ,-0.246 
73.196 ,-0.270 
76.725 ,-0.287 
81.337 ,-0.313 
86.860 ,-0.327 
92.617 ,-0.457 
87.789 ,-0.434 
83.881 ,-0.407 
81.024 ,-0.392 
79.334 ,-0.377 
78.886 ,-0.379 
79.699 ,-0.385 
81.737 ,-0.395 
84.912 ,-0.415 
89.101 ,-0.441 
94.170 ,-0.465 
72.930 ,0.345 
66.692 ,0.379 
61.456 ,0.396 
57.496 ,0.423 
55.089 ,0.450 
54.441 ,0.452 
55.613 ,0.450 
58.496 ,0.462 
62.856 ,0.457 
68.409 ,0.444 
74.892 ,0.431 
66.649 ,0.305 
59.758 ,0.339 
53.852 ,0.367 
49.285 ,0.395 
46.455 ,0.405 
45.684 ,0.425 
47.075 ,0.415 
50.448 ,0.423 
55.444 ,0.417 
61.669 ,0.406 
68.790 ,0.403 
61.362 ,0.247 
53.799 ,0.273 
47.152 ,0.311 
41.860 ,0.337 
38.487 ,0.357 
37.553 ,0.374 
39.233 ,0.376 
43.223 ,0.381 
48.962 ,0.363 
55.913 ,0.359 
63.682 ,0.334 
57.346 ,0.179 
49.168 ,0.223 
41.791 ,0.259 
35.713 ,0.293 
31.692 ,0.313 
30.550 ,0.324 
32.594 ,0.329 
37.302 ,0.322 
43.823 ,0.313 
51.474 ,0.291 
59.821 ,0.273 
54.880 ,0.126 
46.268 ,0.165 
38.337 ,0.198 
31.601 ,0.231 
26.972 ,0.257 
25.620 ,0.267 
28.026 ,0.272 
33.385 ,0.273 
40.542 ,0.257 
48.711 ,0.233 
57.461 ,0.206 
54.176 ,0.061 
45.431 ,0.108 
37.322 ,0.144 
30.362 ,0.171 
25.508 ,0.186 
24.074 ,0.193 
26.620 ,0.200 
32.215 ,0.197 
39.585 ,0.181 
47.917 ,0.170 
56.790 ,0.144 
55.302 ,-0.005 
46.768 ,0.046 
38.939 ,0.079 
32.329 ,0.109 
27.821 ,0.128 
26.513 ,0.135 
28.845 ,0.137 
34.075 ,0.129 
41.112 ,0.114 
49.186 ,0.098 
57.865 ,0.069 
58.151 ,-0.052 
50.106 ,-0.019 
42.890 ,0.026 
36.993 ,0.044 
33.128 ,0.058 
32.038 ,0.068 
33.992 ,0.066 
38.529 ,0.065 
44.873 ,0.045 
52.370 ,0.031 
60.594 ,0.001 
62.489 ,-0.151 
55.081 ,-0.105 
48.609 ,-0.060 
43.495 ,-0.035 
40.259 ,-0.016 
39.368 ,-0.009 
40.973 ,-0.011 
44.809 ,-0.018 
50.367 ,-0.031 
57.148 ,-0.051 
64.768 ,-0.074 
68.031 ,-0.233 
61.296 ,-0.195 
55.553 ,-0.148 
51.139 ,-0.123 
48.416 ,-0.103 
47.678 ,-0.093 
49.012 ,-0.097 
52.261 ,-0.105 
57.098 ,-0.122 
63.160 ,-0.145 
70.130 ,-0.178 
74.508 ,-0.273 
68.414 ,-0.282 
63.320 ,-0.250 
59.485 ,-0.228 
57.162 ,-0.215 
56.537 ,-0.205 
57.667 ,-0.203 
60.452 ,-0.210 
64.680 ,-0.228 
70.089 ,-0.241 
76.430 ,-0.272 
81.699 ,-0.395 
76.182 ,-0.376 
71.643 ,-0.349 
68.277 ,-0.330 
66.263 ,-0.323 
65.725 ,-0.319 
66.699 ,-0.304 
69.122 ,-0.328 
72.848 ,-0.339 
77.690 ,-0.354 
83.455 ,-0.355 
89.432 ,-0.486 
84.422 ,-0.475 
80.349 ,-0.454 
77.363 ,-0.438 
75.591 ,-0.418 
75.120 ,-0.411 
75.974 ,-0.405 
78.109 ,-0.413 
81.425 ,-0.425 
85.785 ,-0.449 
91.039 ,-0.472 
70.277 ,0.268 
63.780 ,0.300 
58.283 ,0.319 
54.092 ,0.342 
51.526 ,0.372 
50.832 ,0.370 
52.086 ,0.374 
55.154 ,0.383 
59.757 ,0.388 
65.574 ,0.383 
72.311 ,0.383 
63.735 ,0.223 
56.490 ,0.251 
50.201 ,0.279 
45.268 ,0.310 
42.168 ,0.325 
41.318 ,0.347 
42.851 ,0.351 
46.531 ,0.355 
51.905 ,0.353 
58.508 ,0.346 
65.971 ,0.339 
58.184 ,0.182 
50.144 ,0.200 
42.935 ,0.237 
37.046 ,0.263 
33.187 ,0.277 
32.100 ,0.294 
34.050 ,0.303 
38.580 ,0.307 
44.916 ,0.303 
52.406 ,0.300 
60.625 ,0.289 
53.932 ,0.117 
45.140 ,0.147 
36.968 ,0.182 
29.927 ,0.210 
24.991 ,0.232 
23.527 ,0.246 
26.126 ,0.256 
31.805 ,0.250 
39.251 ,0.246 
47.641 ,0.227 
56.557 ,0.211 
51.302 ,0.086 
41.963 ,0.106 
33.013 ,0.129 
24.876 ,0.160 
18.646 ,0.183 
16.629 ,0.198 
20.140 ,0.208 
27.107 ,0.211 
35.551 ,0.204 
44.642 ,0.185 
54.055 ,0.155 
50.548 ,0.010 
41.038 ,0.043 
31.829 ,0.077 
23.281 ,0.106 
16.457 ,0.124 
14.128 ,0.138 
18.133 ,0.149 
25.651 ,0.143 
34.454 ,0.133 
43.774 ,0.118 
53.340 ,0.083 
51.753 ,-0.053 
42.513 ,-0.018 
33.710 ,0.012 
25.794 ,0.041 
19.855 ,0.059 
17.976 ,0.070 
21.265 ,0.076 
27.952 ,0.069 
36.199 ,0.058 
45.160 ,0.041 
54.484 ,0.019 
54.787 ,-0.118 
46.159 ,-0.089 
38.206 ,-0.044 
31.443 ,-0.022 
26.789 ,-0.002 
25.429 ,0.014 
27.850 ,0.015 
33.236 ,0.014 
40.419 ,-0.003 
48.608 ,-0.026 
57.374 ,-0.056 
59.371 ,-0.196 
51.517 ,-0.167 
44.530 ,-0.127 
38.884 ,-0.104 
35.228 ,-0.083 
34.205 ,-0.068 
36.041 ,-0.065 
40.348 ,-0.067 
46.444 ,-0.075 
53.722 ,-0.095 
61.766 ,-0.122 
65.178 ,-0.289 
58.114 ,-0.253 
52.022 ,-0.211 
47.279 ,-0.186 
44.320 ,-0.167 
43.512 ,-0.151 
44.970 ,-0.151 
48.490 ,-0.153 
53.668 ,-0.165 
60.077 ,-0.185 
67.367 ,-0.217 
71.913 ,-0.351 
65.578 ,-0.348 
60.246 ,-0.312 
56.201 ,-0.279 
53.736 ,-0.263 
53.071 ,-0.247 
54.273 ,-0.240 
57.224 ,-0.244 
61.673 ,-0.258 
67.325 ,-0.271 
73.903 ,-0.298 
79.340 ,-0.428 
73.646 ,-0.424 
68.941 ,-0.403 
65.436 ,-0.383 
63.331 ,-0.369 
62.768 ,-0.356 
63.788 ,-0.333 
66.316 ,-0.345 
70.192 ,-0.351 
75.206 ,-0.360 
81.147 ,-0.368 
87.281 ,-0.506 
82.141 ,-0.503 
77.949 ,-0.491 
74.867 ,-0.479 
73.035 ,-0.459 
72.547 ,-0.448 
73.431 ,-0.440 
75.638 ,-0.439 
79.058 ,-0.438 
83.541 ,-0.447 
88.928 ,-0.455 
68.985 ,0.211 
62.353 ,0.232 
56.718 ,0.245 
52.402 ,0.264 
49.749 ,0.299 
49.031 ,0.305 
50.329 ,0.315 
53.498 ,0.326 
58.232 ,0.338 
64.187 ,0.336 
71.056 ,0.340 
62.307 ,0.175 
54.874 ,0.192 
48.376 ,0.210 
43.235 ,0.239 
39.978 ,0.256 
39.080 ,0.285 
40.697 ,0.296 
44.556 ,0.303 
50.142 ,0.300 
56.950 ,0.292 
64.593 ,0.281 
56.616 ,0.104 
48.316 ,0.128 
40.786 ,0.171 
34.532 ,0.206 
30.357 ,0.217 
29.164 ,0.240 
31.297 ,0.248 
36.173 ,0.260 
42.866 ,0.261 
50.661 ,0.253 
59.123 ,0.253 
52.237 ,0.068 
43.101 ,0.083 
34.449 ,0.116 
26.753 ,0.142 
21.089 ,0.169 
19.333 ,0.196 
22.422 ,0.206 
28.840 ,0.216 
36.888 ,0.208 
45.714 ,0.188 
54.943 ,0.164 
49.517 ,0.009 
39.761 ,0.041 
30.165 ,0.074 
20.951 ,0.109 
12.961 ,0.130 
9.847 ,0.153 
15.032 ,0.153 
23.558 ,0.163 
32.924 ,0.150 
42.579 ,0.137 
52.364 ,0.112 
48.736 ,-0.061 
38.784 ,-0.026 
28.865 ,0.014 
19.032 ,0.049 
9.548 ,0.072 
4.439 ,0.097 
12.213 ,0.103 
21.868 ,0.105 
31.737 ,0.094 
41.668 ,0.082 
51.626 ,0.048 
49.984 ,-0.115 
40.342 ,-0.088 
30.927 ,-0.046 
22.034 ,-0.016 
14.646 ,0.012 
11.980 ,0.034 
16.508 ,0.039 
24.526 ,0.046 
33.623 ,0.027 
43.122 ,0.008 
52.807 ,-0.019 
53.120 ,-0.190 
44.167 ,-0.152 
35.774 ,-0.096 
28.439 ,-0.070 
23.191 ,-0.046 
21.606 ,-0.026 
24.410 ,-0.029 
30.411 ,-0.023 
38.129 ,-0.043 
46.721 ,-0.060 
55.784 ,-0.079 
57.836 ,-0.249 
49.739 ,-0.220 
42.462 ,-0.173 
36.497 ,-0.153 
32.574 ,-0.132 
31.466 ,-0.115 
33.453 ,-0.113 
38.054 ,-0.109 
44.465 ,-0.117 
52.020 ,-0.124 
60.292 ,-0.143 
63.783 ,-0.338 
56.545 ,-0.298 
50.262 ,-0.255 
45.336 ,-0.235 
42.242 ,-0.216 
41.393 ,-0.197 
42.923 ,-0.192 
46.598 ,-0.186 
51.965 ,-0.192 
58.561 ,-0.198 
66.018 ,-0.222 
70.651 ,-0.384 
64.192 ,-0.377 
58.733 ,-0.343 
54.577 ,-0.315 
52.035 ,-0.302 
51.348 ,-0.291 
52.589 ,-0.278 
55.630 ,-0.278 
60.197 ,-0.277 
65.975 ,-0.270 
72.675 ,-0.268 
78.197 ,-0.480 
72.414 ,-0.466 
67.623 ,-0.439 
64.046 ,-0.419 
61.894 ,-0.404 
61.318 ,-0.398 
62.361 ,-0.371 
64.946 ,-0.381 
68.898 ,-0.377 
74.000 ,-0.367 
80.031 ,-0.360 
86.244 ,-0.549 
81.038 ,-0.540 
76.786 ,-0.529 
73.656 ,-0.514 
71.792 ,-0.494 
71.296 ,-0.483 
72.195 ,-0.467 
74.439 ,-0.463 
77.911 ,-0.448 
82.457 ,-0.446 
87.910 ,-0.446 
69.130 ,0.125 
62.514 ,0.145 
56.894 ,0.167 
52.593 ,0.186 
49.950 ,0.223 
49.234 ,0.232 
50.528 ,0.250 
53.685 ,0.262 
58.404 ,0.281 
64.343 ,0.293 
71.197 ,0.308 
62.467 ,0.095 
55.056 ,0.122 
48.582 ,0.150 
43.465 ,0.176 
40.228 ,0.197 
39.336 ,0.222 
40.943 ,0.237 
44.780 ,0.244 
50.342 ,0.242 
57.125 ,0.249 
64.748 ,0.254 
56.793 ,0.057 
48.522 ,0.074 
41.030 ,0.118 
34.821 ,0.149 
30.684 ,0.159 
29.505 ,0.183 
31.616 ,0.195 
36.449 ,0.212 
43.099 ,0.218 
50.858 ,0.215 
59.292 ,0.221 
52.428 ,-0.013 
43.332 ,0.022 
34.737 ,0.074 
27.124 ,0.098 
21.558 ,0.127 
19.843 ,0.153 
22.864 ,0.161 
29.185 ,0.175 
37.159 ,0.165 
45.932 ,0.164 
55.125 ,0.154 
49.718 ,-0.050 
40.011 ,-0.013 
30.494 ,0.027 
21.422 ,0.062 
13.706 ,0.083 
10.811 ,0.111 
15.683 ,0.113 
23.979 ,0.126 
33.227 ,0.114 
42.814 ,0.117 
52.555 ,0.096 
48.940 ,-0.137 
39.041 ,-0.083 
29.209 ,-0.028 
19.548 ,0.011 
10.534 ,0.037 
6.304 ,0.063 
13.007 ,0.066 
22.322 ,0.067 
32.051 ,0.060 
41.908 ,0.062 
51.820 ,0.040 
50.184 ,-0.155 
40.589 ,-0.132 
31.248 ,-0.084 
22.482 ,-0.054 
15.311 ,-0.024 
12.785 ,0.000 
17.104 ,0.009 
24.931 ,0.016 
33.920 ,-0.005 
43.354 ,-0.021 
52.996 ,-0.053 
53.308 ,-0.216 
44.393 ,-0.192 
36.052 ,-0.143 
28.788 ,-0.115 
23.618 ,-0.088 
22.064 ,-0.066 
24.816 ,-0.059 
30.738 ,-0.054 
38.391 ,-0.069 
46.935 ,-0.091 
55.963 ,-0.117 
58.008 ,-0.294 
49.940 ,-0.266 
42.697 ,-0.215 
36.770 ,-0.189 
32.880 ,-0.165 
31.782 ,-0.144 
33.751 ,-0.133 
38.316 ,-0.134 
44.689 ,-0.146 
52.212 ,-0.160 
60.458 ,-0.204 
63.940 ,-0.376 
56.721 ,-0.329 
50.461 ,-0.291 
45.556 ,-0.266 
42.478 ,-0.247 
41.634 ,-0.226 
43.156 ,-0.214 
46.813 ,-0.213 
52.158 ,-0.218 
58.732 ,-0.233 
66.170 ,-0.276 
70.792 ,-0.399 
64.347 ,-0.404 
58.903 ,-0.386 
54.760 ,-0.353 
52.227 ,-0.334 
51.543 ,-0.317 
52.780 ,-0.288 
55.809 ,-0.291 
60.363 ,-0.291 
66.126 ,-0.309 
72.813 ,-0.346 
78.325 ,-0.500 
72.552 ,-0.498 
67.771 ,-0.483 
64.202 ,-0.458 
62.056 ,-0.432 
61.481 ,-0.416 
62.522 ,-0.381 
65.100 ,-0.390 
69.043 ,-0.393 
74.135 ,-0.414 
80.156 ,-0.457 
86.360 ,-0.582 
81.161 ,-0.563 
76.916 ,-0.555 
73.791 ,-0.538 
71.932 ,-0.511 
71.437 ,-0.494 
72.334 ,-0.477 
74.574 ,-0.474 
78.040 ,-0.466 
82.579 ,-0.479 
88.024 ,-0.498 
70.703 ,0.057 
64.249 ,0.077 
58.796 ,0.098 
54.644 ,0.117 
52.105 ,0.155 
51.420 ,0.172 
52.659 ,0.201 
55.696 ,0.211 
60.258 ,0.232 
66.031 ,0.243 
72.726 ,0.255 
64.204 ,0.039 
57.019 ,0.071 
50.795 ,0.091 
45.926 ,0.121 
42.874 ,0.148 
42.038 ,0.178 
43.546 ,0.204 
47.173 ,0.213 
52.481 ,0.214 
59.019 ,0.222 
66.425 ,0.224 
58.697 ,0.011 
50.738 ,0.036 
43.628 ,0.075 
37.847 ,0.117 
34.079 ,0.131 
33.022 ,0.162 
34.921 ,0.181 
39.351 ,0.198 
45.580 ,0.208 
52.977 ,0.197 
61.119 ,0.193 
54.485 ,-0.027 
45.800 ,-0.003 
37.770 ,0.036 
30.912 ,0.061 
26.164 ,0.096 
24.770 ,0.132 
27.251 ,0.149 
32.737 ,0.171 
40.009 ,0.160 
48.268 ,0.149 
57.086 ,0.114 
51.883 ,-0.092 
42.671 ,-0.043 
33.909 ,0.001 
26.052 ,0.042 
20.189 ,0.065 
18.346 ,0.100 
21.581 ,0.103 
28.194 ,0.116 
36.387 ,0.101 
45.310 ,0.098 
54.608 ,0.067 
51.138 ,-0.112 
41.762 ,-0.085 
32.757 ,-0.046 
24.534 ,-0.011 
18.187 ,0.022 
16.115 ,0.060 
19.722 ,0.068 
26.798 ,0.080 
35.316 ,0.076 
44.455 ,0.066 
53.901 ,0.019 
52.330 ,-0.202 
43.213 ,-0.162 
34.588 ,-0.098 
26.931 ,-0.061 
21.311 ,-0.022 
19.575 ,0.009 
22.635 ,0.018 
29.008 ,0.029 
37.021 ,0.004 
45.821 ,-0.018 
55.033 ,-0.056 
55.332 ,-0.261 
46.805 ,-0.214 
38.983 ,-0.152 
32.383 ,-0.112 
27.886 ,-0.082 
26.583 ,-0.057 
28.909 ,-0.052 
34.129 ,-0.046 
41.156 ,-0.064 
49.222 ,-0.091 
57.895 ,-0.113 
59.874 ,-0.328 
52.096 ,-0.287 
45.199 ,-0.229 
39.648 ,-0.196 
36.069 ,-0.166 
35.072 ,-0.139 
36.865 ,-0.124 
41.086 ,-0.117 
47.086 ,-0.126 
54.278 ,-0.132 
62.251 ,-0.168 
65.637 ,-0.442 
58.628 ,-0.363 
52.595 ,-0.311 
47.909 ,-0.274 
44.992 ,-0.249 
44.197 ,-0.219 
45.633 ,-0.208 
49.106 ,-0.202 
54.226 ,-0.206 
60.576 ,-0.219 
67.812 ,-0.256 
72.329 ,-0.456 
66.034 ,-0.425 
60.742 ,-0.393 
56.733 ,-0.351 
54.292 ,-0.328 
53.634 ,-0.314 
54.824 ,-0.288 
57.747 ,-0.288 
62.159 ,-0.283 
67.769 ,-0.295 
74.308 ,-0.309 
79.717 ,-0.542 
74.053 ,-0.517 
69.375 ,-0.494 
65.893 ,-0.467 
63.804 ,-0.440 
63.245 ,-0.426 
64.257 ,-0.397 
66.768 ,-0.393 
70.618 ,-0.385 
75.604 ,-0.383 
81.517 ,-0.392 
87.625 ,-0.610 
82.505 ,-0.580 
78.334 ,-0.569 
75.267 ,-0.547 
73.445 ,-0.519 
72.960 ,-0.496 
73.839 ,-0.480 
76.034 ,-0.469 
79.437 ,-0.458 
83.900 ,-0.462 
89.265 ,-0.473 
73.613 ,-0.024 
67.438 ,-0.001 
62.265 ,0.028 
58.360 ,0.055 
55.990 ,0.089 
55.353 ,0.117 
56.506 ,0.153 
59.346 ,0.165 
63.647 ,0.187 
69.138 ,0.196 
75.558 ,0.207 
67.395 ,-0.038 
60.590 ,0.010 
54.773 ,0.042 
50.290 ,0.077 
47.520 ,0.112 
46.767 ,0.145 
48.127 ,0.170 
51.431 ,0.183 
56.340 ,0.182 
62.476 ,0.188 
69.515 ,0.190 
62.172 ,-0.086 
54.720 ,-0.020 
48.201 ,0.041 
43.038 ,0.099 
39.765 ,0.117 
38.863 ,0.149 
40.489 ,0.160 
44.367 ,0.173 
49.975 ,0.177 
56.802 ,0.168 
64.463 ,0.168 
58.211 ,-0.111 
50.175 ,-0.048 
42.971 ,0.016 
37.087 ,0.056 
33.233 ,0.094 
32.147 ,0.129 
34.095 ,0.140 
38.621 ,0.162 
44.952 ,0.145 
52.438 ,0.137 
60.653 ,0.107 
55.783 ,-0.160 
47.337 ,-0.078 
39.619 ,-0.006 
33.145 ,0.047 
28.766 ,0.077 
27.505 ,0.117 
29.760 ,0.115 
34.854 ,0.130 
41.760 ,0.106 
49.729 ,0.100 
58.327 ,0.067 
55.091 ,-0.201 
46.519 ,-0.120 
38.638 ,-0.043 
31.966 ,0.006 
27.399 ,0.043 
26.071 ,0.079 
28.440 ,0.076 
33.735 ,0.086 
40.831 ,0.073 
48.951 ,0.064 
57.665 ,0.024 
56.199 ,-0.248 
47.826 ,-0.179 
40.202 ,-0.094 
33.840 ,-0.050 
29.565 ,-0.006 
28.339 ,0.027 
30.532 ,0.035 
35.515 ,0.047 
42.314 ,0.021 
50.195 ,0.002 
58.724 ,-0.038 
59.005 ,-0.284 
51.094 ,-0.219 
44.040 ,-0.145 
38.321 ,-0.095 
34.605 ,-0.063 
33.564 ,-0.035 
35.434 ,-0.026 
39.808 ,-0.020 
45.976 ,-0.039 
53.318 ,-0.066 
61.415 ,-0.095 
63.284 ,-0.351 
55.981 ,-0.289 
49.628 ,-0.220 
44.631 ,-0.181 
41.484 ,-0.149 
40.619 ,-0.124 
42.178 ,-0.106 
45.913 ,-0.104 
51.352 ,-0.114 
58.018 ,-0.117 
65.537 ,-0.155 
68.762 ,-0.440 
62.106 ,-0.345 
56.447 ,-0.290 
52.108 ,-0.248 
49.439 ,-0.223 
48.716 ,-0.194 
50.023 ,-0.182 
53.210 ,-0.183 
57.969 ,-0.188 
63.948 ,-0.204 
70.841 ,-0.244 
75.176 ,-0.483 
69.141 ,-0.427 
64.106 ,-0.385 
60.320 ,-0.339 
58.031 ,-0.311 
57.416 ,-0.299 
58.529 ,-0.271 
61.275 ,-0.273 
65.450 ,-0.267 
70.800 ,-0.280 
77.082 ,-0.289 
82.309 ,-0.561 
76.836 ,-0.521 
72.338 ,-0.495 
69.006 ,-0.465 
67.014 ,-0.432 
66.482 ,-0.417 
67.446 ,-0.387 
69.842 ,-0.379 
73.532 ,-0.366 
78.332 ,-0.366 
84.053 ,-0.377 
89.989 ,-0.616 
85.012 ,-0.578 
80.970 ,-0.568 
78.007 ,-0.548 
76.251 ,-0.521 
75.784 ,-0.497 
76.630 ,-0.479 
78.748 ,-0.463 
82.038 ,-0.441 
86.367 ,-0.431 
91.587 ,-0.424 
77.710 ,-0.125 
71.888 ,-0.080 
67.058 ,-0.048 
63.449 ,-0.008 
61.277 ,0.017 
60.695 ,0.050 
61.749 ,0.086 
64.358 ,0.104 
68.344 ,0.128 
73.485 ,0.150 
79.555 ,0.179 
71.847 ,-0.122 
65.506 ,-0.047 
60.167 ,-0.012 
56.116 ,0.028 
53.647 ,0.069 
52.982 ,0.098 
54.186 ,0.122 
57.141 ,0.137 
61.597 ,0.142 
67.255 ,0.156 
73.839 ,0.169 
66.972 ,-0.121 
60.119 ,-0.043 
54.251 ,0.008 
49.721 ,0.075 
46.917 ,0.102 
46.154 ,0.137 
47.532 ,0.160 
50.876 ,0.172 
55.834 ,0.180 
62.020 ,0.188 
69.105 ,0.183 
63.313 ,-0.131 
56.013 ,-0.056 
49.663 ,0.002 
44.669 ,0.058 
41.525 ,0.102 
40.661 ,0.137 
42.219 ,0.164 
45.951 ,0.181 
51.387 ,0.166 
58.049 ,0.144 
65.565 ,0.088 
61.088 ,-0.172 
53.485 ,-0.089 
46.793 ,-0.014 
41.455 ,0.046 
38.046 ,0.090 
37.101 ,0.136 
38.802 ,0.152 
42.834 ,0.160 
48.619 ,0.131 
55.614 ,0.097 
63.419 ,0.026 
60.457 ,-0.253 
52.763 ,-0.135 
45.966 ,-0.040 
40.519 ,0.022 
37.023 ,0.068 
36.052 ,0.106 
37.800 ,0.114 
41.928 ,0.121 
47.823 ,0.106 
54.920 ,0.086 
62.811 ,0.027 
61.468 ,-0.259 
53.919 ,-0.165 
47.288 ,-0.077 
42.013 ,-0.024 
38.653 ,0.027 
37.724 ,0.062 
39.397 ,0.083 
43.374 ,0.085 
49.096 ,0.060 
56.031 ,0.029 
63.785 ,-0.045 
64.043 ,-0.294 
56.838 ,-0.214 
50.591 ,-0.140 
45.699 ,-0.075 
42.631 ,-0.042 
41.790 ,-0.008 
43.307 ,0.014 
46.953 ,0.011 
52.285 ,-0.014 
58.845 ,-0.059 
66.271 ,-0.130 
68.006 ,-0.381 
61.269 ,-0.288 
55.523 ,-0.216 
51.106 ,-0.156 
48.382 ,-0.114 
47.643 ,-0.083 
48.978 ,-0.052 
52.230 ,-0.060 
57.070 ,-0.074 
63.135 ,-0.097 
70.108 ,-0.166 
73.131 ,-0.468 
66.912 ,-0.361 
61.694 ,-0.306 
57.751 ,-0.241 
55.355 ,-0.203 
54.710 ,-0.162 
55.877 ,-0.139 
58.748 ,-0.144 
63.090 ,-0.150 
68.625 ,-0.184 
75.089 ,-0.246 
79.193 ,-0.518 
73.488 ,-0.439 
68.771 ,-0.390 
65.257 ,-0.330 
63.147 ,-0.287 
62.582 ,-0.267 
63.605 ,-0.238 
66.141 ,-0.242 
70.026 ,-0.242 
75.051 ,-0.275 
81.004 ,-0.306 
85.993 ,-0.611 
80.770 ,-0.542 
76.503 ,-0.501 
73.361 ,-0.456 
71.490 ,-0.412 
70.992 ,-0.393 
71.895 ,-0.368 
74.148 ,-0.353 
77.633 ,-0.342 
82.195 ,-0.359 
87.664 ,-0.371 
93.371 ,-0.683 
88.584 ,-0.629 
84.712 ,-0.597 
81.885 ,-0.560 
80.213 ,-0.525 
79.769 ,-0.488 
80.574 ,-0.474 
82.590 ,-0.455 
85.733 ,-0.445 
89.884 ,-0.456 
94.912 ,-0.471 
82.818 ,-0.160 
77.381 ,-0.121 
72.916 ,-0.086 
69.612 ,-0.033 
67.637 ,-0.021 
67.110 ,0.029 
68.065 ,0.068 
70.441 ,0.096 
74.101 ,0.120 
78.867 ,0.125 
84.552 ,0.137 
77.343 ,-0.185 
71.491 ,-0.074 
66.633 ,-0.014 
63.000 ,0.048 
60.811 ,0.107 
60.225 ,0.143 
61.286 ,0.163 
63.915 ,0.182 
67.927 ,0.188 
73.097 ,0.186 
79.197 ,0.180 
72.837 ,-0.178 
66.590 ,-0.057 
61.345 ,0.009 
57.377 ,0.105 
54.965 ,0.153 
54.315 ,0.197 
55.491 ,0.224 
58.380 ,0.221 
62.748 ,0.210 
68.311 ,0.214 
74.803 ,0.166 
69.487 ,-0.122 
62.908 ,-0.025 
57.327 ,0.030 
53.060 ,0.120 
50.441 ,0.172 
49.733 ,0.207 
51.014 ,0.253 
54.143 ,0.258 
58.826 ,0.247 
64.727 ,0.201 
71.545 ,0.113 
67.466 ,-0.193 
60.668 ,-0.070 
54.860 ,0.030 
50.384 ,0.112 
47.618 ,0.175 
46.867 ,0.220 
48.224 ,0.249 
51.524 ,0.251 
56.425 ,0.222 
62.553 ,0.168 
69.584 ,0.097 
66.895 ,-0.237 
60.032 ,-0.088 
54.156 ,0.026 
49.616 ,0.104 
46.805 ,0.161 
46.041 ,0.201 
47.422 ,0.222 
50.773 ,0.227 
55.741 ,0.199 
61.937 ,0.142 
69.031 ,0.039 
67.810 ,-0.305 
61.051 ,-0.135 
55.282 ,-0.016 
50.844 ,0.064 
48.105 ,0.127 
47.361 ,0.160 
48.705 ,0.187 
51.973 ,0.173 
56.836 ,0.148 
62.924 ,0.103 
69.918 ,0.003 
70.153 ,-0.330 
63.643 ,-0.183 
58.133 ,-0.074 
53.930 ,0.021 
51.356 ,0.056 
50.660 ,0.095 
51.918 ,0.123 
54.996 ,0.114 
59.612 ,0.088 
65.442 ,0.041 
72.193 ,-0.040 
73.789 ,-0.422 
67.630 ,-0.257 
62.472 ,-0.155 
58.581 ,-0.062 
56.221 ,-0.005 
55.586 ,0.026 
56.735 ,0.058 
59.564 ,0.032 
63.851 ,0.008 
69.325 ,-0.041 
75.730 ,-0.128 
78.537 ,-0.456 
72.781 ,-0.314 
68.015 ,-0.238 
64.460 ,-0.147 
62.323 ,-0.098 
61.751 ,-0.055 
62.787 ,-0.041 
65.355 ,-0.060 
69.284 ,-0.075 
74.359 ,-0.129 
80.364 ,-0.190 
84.211 ,-0.526 
78.870 ,-0.413 
74.494 ,-0.343 
71.263 ,-0.273 
69.336 ,-0.217 
68.822 ,-0.196 
69.753 ,-0.182 
72.073 ,-0.186 
75.654 ,-0.195 
80.328 ,-0.232 
85.916 ,-0.251 
90.635 ,-0.608 
85.696 ,-0.519 
81.687 ,-0.468 
78.751 ,-0.414 
77.012 ,-0.362 
76.549 ,-0.339 
77.387 ,-0.326 
79.485 ,-0.305 
82.746 ,-0.303 
87.040 ,-0.342 
92.222 ,-0.355 
97.663 ,-0.712 
93.097 ,-0.633 
89.421 ,-0.574 
86.747 ,-0.524 
85.171 ,-0.495 
84.753 ,-0.458 
85.511 ,-0.458 
87.414 ,-0.442 
90.389 ,-0.444 
94.336 ,-0.446 
99.137 ,-0.443 
88.762 ,-0.287 
83.712 ,-0.187 
79.604 ,-0.126 
76.588 ,-0.039 
74.798 ,-0.047 
74.322 ,0.010 
75.185 ,0.042 
77.342 ,0.072 
80.690 ,0.095 
85.088 ,0.102 
90.382 ,0.137 
83.678 ,-0.159 
78.300 ,-0.048 
73.891 ,0.000 
70.632 ,0.064 
68.687 ,0.127 
68.169 ,0.160 
69.109 ,0.172 
71.450 ,0.194 
75.061 ,0.204 
79.769 ,0.185 
85.394 ,0.156 
79.531 ,-0.170 
73.852 ,-0.022 
69.160 ,0.034 
65.667 ,0.148 
63.570 ,0.213 
63.009 ,0.263 
64.025 ,0.298 
66.545 ,0.283 
70.408 ,0.261 
75.408 ,0.287 
81.335 ,0.210 
76.475 ,-0.153 
70.551 ,0.019 
65.623 ,0.088 
61.930 ,0.221 
59.702 ,0.269 
59.104 ,0.284 
60.186 ,0.338 
62.861 ,0.313 
66.937 ,0.316 
72.178 ,0.259 
78.350 ,0.184 
74.643 ,-0.197 
68.561 ,-0.039 
63.479 ,0.087 
59.653 ,0.190 
57.337 ,0.277 
56.714 ,0.318 
57.841 ,0.365 
60.619 ,0.359 
64.836 ,0.331 
70.234 ,0.239 
76.563 ,0.159 
74.128 ,-0.190 
67.999 ,-0.002 
62.871 ,0.128 
59.007 ,0.209 
56.664 ,0.264 
56.034 ,0.292 
57.174 ,0.327 
59.983 ,0.334 
64.242 ,0.304 
69.686 ,0.232 
76.060 ,0.121 
74.955 ,-0.249 
68.900 ,-0.037 
63.844 ,0.074 
60.042 ,0.159 
57.741 ,0.223 
57.123 ,0.249 
58.242 ,0.294 
61.002 ,0.270 
65.194 ,0.264 
70.565 ,0.217 
76.866 ,0.092 
77.081 ,-0.247 
71.207 ,-0.074 
66.328 ,0.039 
62.677 ,0.142 
60.476 ,0.165 
59.887 ,0.207 
60.954 ,0.247 
63.596 ,0.229 
67.628 ,0.202 
72.819 ,0.152 
78.941 ,0.032 
80.404 ,-0.331 
74.791 ,-0.142 
70.162 ,-0.053 
66.721 ,0.056 
64.658 ,0.121 
64.107 ,0.151 
65.106 ,0.194 
67.586 ,0.154 
71.393 ,0.128 
76.328 ,0.050 
82.189 ,-0.066 
84.783 ,-0.404 
79.480 ,-0.252 
75.140 ,-0.169 
71.938 ,-0.052 
70.029 ,0.011 
69.520 ,0.059 
70.442 ,0.074 
72.740 ,0.042 
76.290 ,0.023 
80.928 ,-0.051 
86.477 ,-0.116 
90.063 ,-0.467 
85.090 ,-0.363 
81.052 ,-0.291 
78.092 ,-0.217 
76.337 ,-0.137 
75.871 ,-0.100 
76.717 ,-0.091 
78.832 ,-0.086 
82.119 ,-0.106 
86.444 ,-0.158 
91.660 ,-0.202 
96.097 ,-0.607 
91.453 ,-0.496 
87.708 ,-0.432 
84.981 ,-0.365 
83.371 ,-0.298 
82.944 ,-0.268 
83.718 ,-0.262 
85.661 ,-0.231 
88.695 ,-0.234 
92.714 ,-0.300 
97.596 ,-0.308 
102.752 ,-0.701 
98.423 ,-0.642 
94.953 ,-0.575 
92.439 ,-0.522 
90.962 ,-0.499 
90.571 ,-0.458 
91.280 ,-0.463 
93.065 ,-0.445 
95.865 ,-0.452 
99.595 ,-0.452 
104.155 ,-0.439 
95.387 ,-0.232 
90.707 ,-0.115 
86.929 ,-0.060 
84.177 ,0.059 
82.551 ,0.022 
82.120 ,0.092 
82.902 ,0.118 
84.863 ,0.157 
87.925 ,0.168 
91.978 ,0.143 
96.897 ,0.156 
90.675 ,-0.129 
85.737 ,0.008 
81.731 ,0.061 
78.797 ,0.140 
77.058 ,0.215 
76.596 ,0.251 
77.434 ,0.257 
79.530 ,0.301 
82.789 ,0.340 
87.081 ,0.334 
92.261 ,0.323 
86.863 ,-0.150 
81.695 ,0.044 
77.480 ,0.098 
74.378 ,0.241 
72.533 ,0.335 
72.043 ,0.394 
72.933 ,0.440 
75.155 ,0.406 
78.596 ,0.362 
83.104 ,0.410 
88.518 ,0.281 
84.074 ,-0.079 
78.723 ,0.137 
74.339 ,0.195 
71.101 ,0.379 
69.169 ,0.427 
68.654 ,0.424 
69.587 ,0.504 
71.913 ,0.443 
75.502 ,0.464 
80.185 ,0.369 
85.783 ,0.264 
82.411 ,-0.117 
76.945 ,0.099 
72.454 ,0.257 
69.127 ,0.383 
67.138 ,0.494 
66.607 ,0.514 
67.569 ,0.577 
69.962 ,0.545 
73.646 ,0.513 
78.440 ,0.367 
84.154 ,0.274 
81.944 ,-0.075 
76.445 ,0.152 
71.922 ,0.294 
68.570 ,0.380 
66.564 ,0.433 
66.029 ,0.448 
66.999 ,0.514 
69.411 ,0.523 
73.123 ,0.498 
77.949 ,0.405 
83.697 ,0.274 
82.693 ,-0.099 
77.247 ,0.166 
72.774 ,0.253 
69.463 ,0.339 
67.484 ,0.389 
66.956 ,0.394 
67.913 ,0.462 
70.294 ,0.418 
73.961 ,0.450 
78.736 ,0.422 
84.430 ,0.296 
84.625 ,-0.114 
79.312 ,0.103 
74.963 ,0.222 
71.752 ,0.337 
69.838 ,0.343 
69.328 ,0.388 
70.253 ,0.447 
72.557 ,0.424 
76.116 ,0.411 
80.763 ,0.378 
86.323 ,0.238 
87.663 ,-0.212 
82.545 ,0.026 
78.375 ,0.109 
75.311 ,0.251 
73.490 ,0.332 
73.005 ,0.367 
73.883 ,0.431 
76.078 ,0.375 
79.479 ,0.358 
83.940 ,0.250 
89.303 ,0.112 
91.695 ,-0.261 
86.816 ,-0.098 
82.862 ,-0.005 
79.969 ,0.149 
78.256 ,0.232 
77.801 ,0.286 
78.626 ,0.301 
80.692 ,0.253 
83.906 ,0.230 
88.143 ,0.133 
93.265 ,0.073 
96.599 ,-0.416 
91.980 ,-0.256 
88.257 ,-0.144 
85.547 ,-0.050 
83.949 ,0.053 
83.525 ,0.095 
84.294 ,0.076 
86.223 ,0.081 
89.238 ,0.042 
93.234 ,-0.006 
98.090 ,-0.031 
102.248 ,-0.522 
97.896 ,-0.381 
94.407 ,-0.295 
91.879 ,-0.206 
90.392 ,-0.122 
89.998 ,-0.082 
90.712 ,-0.087 
92.508 ,-0.048 
95.325 ,-0.068 
99.075 ,-0.176 
103.658 ,-0.184 
108.526 ,-0.608 
104.436 ,-0.546 
101.173 ,-0.439 
98.818 ,-0.359 
97.437 ,-0.338 
97.072 ,-0.285 
97.735 ,-0.302 
99.404 ,-0.281 
102.030 ,-0.308 
105.542 ,-0.312 
109.855 ,-0.297 
